"Age","DailyRate","HourlyRate","MonthlyIncome","MonthlyRate","NumCompaniesWorked","PercentSalaryHike","TotalWorkingYears","TrainingTimesLastYear","YearsAtCompany","YearsInCurrentRole","YearsSinceLastPromotion","YearsWithCurrManager","SalaryHikePerYear","AverageYearsCompany","AgeToJubilation"
41,1102,94,5993,19479,9,11,8,0,6,4,0,5,1.83333333333333,0.888888888888889,25
49,279,61,5130,24907,2,23,10,3,10,7,1,7,2.3,5,17
37,1373,92,2090,2396,7,15,7,3,0,0,0,0,30,1,29
33,1392,56,2909,23159,2,11,8,3,8,7,3,0,1.375,4,33
27,591,40,3468,16632,10,12,6,3,2,2,2,2,6,0.6,39
32,1005,79,3068,11864,1,13,8,2,7,7,3,6,1.85714285714286,8,34
59,1324,81,2670,9964,5,20,12,3,1,0,0,0,20,2.4,7
30,1358,67,2693,13335,2,22,1,2,1,0,0,0,22,0.5,36
38,216,44,9526,8787,1,21,10,2,9,7,1,8,2.33333333333333,10,28
36,1299,94,5237,16577,7,13,17,3,7,7,7,7,1.85714285714286,2.42857142857143,30
35,809,84,2426,16479,1,13,6,5,5,4,0,3,2.6,6,31
29,153,49,4193,12682,1,12,10,3,9,5,0,8,1.33333333333333,10,37
31,670,31,2911,15170,2,17,5,1,5,2,4,3,3.4,2.5,35
34,1346,93,2661,8758,1,11,3,2,2,2,1,2,5.5,3,32
28,103,50,2028,12947,6,14,6,4,4,2,0,3,3.5,1,38
29,1389,51,9980,10195,2,11,10,1,10,9,8,8,1.1,5,37
32,334,80,3298,15053,1,12,7,5,6,2,0,5,2,7,34
22,1123,96,2935,7324,2,13,1,2,1,0,0,0,13,0.5,44
53,1219,78,15427,22021,3,16,31,3,25,8,3,7,0.64,10.3333333333333,13
38,371,45,3944,4306,6,11,6,3,3,2,1,2,3.66666666666667,1,28
24,673,96,4011,8232,1,18,5,5,4,2,1,3,4.5,5,42
36,1218,82,3407,6986,8,23,10,4,5,3,0,3,4.6,1.25,30
34,419,53,11994,21293,1,11,13,4,12,6,2,11,0.916666666666667,13,32
21,391,96,1232,19281,2,14,0,6,0,0,0,0,28,0.25,45
34,699,83,2960,17102,3,11,8,2,4,2,1,3,2.75,2.66666666666667,32
53,1282,58,19094,10735,5,11,26,3,14,13,4,8,0.785714285714286,5.2,13
32,1125,72,3919,4681,2,22,10,5,10,2,6,7,2.2,5,34
42,691,48,6825,21173,1,11,10,2,9,7,4,2,1.22222222222222,10,24
44,477,42,10248,2094,4,14,24,4,22,6,5,17,0.636363636363636,6,22
46,705,83,18947,22822,4,12,22,2,2,2,2,1,6,5.5,20
33,924,78,2496,6670,5,11,7,3,1,1,0,0,11,1.4,33
44,1459,41,6465,19121,3,13,9,5,4,2,1,3,3.25,3,22
30,125,83,2206,16117,2,13,10,5,10,0,1,8,1.3,5,36
39,895,56,2086,3335,4,14,19,6,1,0,0,0,14,4.75,27
24,813,61,2293,3020,3,16,6,2,2,0,2,0,8,2,42
43,1273,72,2645,21923,2,12,6,3,5,3,1,4,2.4,3,23
50,869,86,2683,3810,2,14,3,2,3,2,0,2,4.66666666666667,1.5,16
35,890,97,2014,9687,2,13,2,3,2,2,2,2,6.5,1,31
36,852,82,3419,13072,10,14,6,3,1,1,0,0,14,0.6,30
33,1141,42,5376,3193,3,19,10,3,5,3,1,3,3.8,3.33333333333333,33
35,464,75,1951,10910,2,12,1,3,1,0,0,0,12,0.5,31
27,1240,33,2341,19715,2,13,1,6,1,0,0,0,13,0.5,39
26,1357,48,2293,10558,2,12,1,2,1,0,0,1,12,0.5,40
27,994,37,8726,2975,2,15,9,0,9,8,1,7,1.66666666666667,4.5,39
30,721,58,4011,10781,2,23,12,2,12,8,3,7,1.91666666666667,6,36
41,1360,49,19545,16280,2,12,23,0,22,15,15,8,0.545454545454545,11.5,25
34,1065,72,4568,10034,1,20,10,2,9,5,8,7,2.22222222222222,10,32
37,408,73,3022,10227,5,21,8,1,1,0,0,0,21,1.6,29
46,1211,98,5772,20445,5,21,14,4,9,6,0,8,2.33333333333333,2.8,20
35,1229,36,2269,4892,2,19,1,2,1,0,0,1,19,0.5,31
48,626,98,5381,19294,10,13,23,2,1,0,0,0,13,2.3,18
28,1434,50,3441,11179,2,13,2,3,2,2,2,2,6.5,1,38
44,1488,75,5454,4009,6,21,9,2,4,3,1,3,5.25,1.5,22
35,1097,79,9884,8302,3,13,10,3,4,0,2,3,3.25,3.33333333333333,31
26,1443,47,4157,21436,8,19,5,2,2,2,0,0,9.5,0.625,40
33,515,98,13458,15146,2,12,15,1,15,14,8,12,0.8,7.5,33
35,853,71,9069,11031,2,22,9,3,9,8,1,8,2.44444444444444,4.5,31
35,1142,30,4014,16002,4,15,4,3,2,2,2,2,7.5,1,31
31,655,48,5915,9528,4,22,10,3,7,7,1,7,3.14285714285714,2.5,35
37,1115,51,5993,2689,2,18,7,2,7,5,0,7,2.57142857142857,3.5,29
32,427,33,6162,10877,2,22,9,3,9,8,7,8,2.44444444444444,4.5,34
38,653,50,2406,5456,2,11,10,2,10,3,9,9,1.1,5,28
50,989,43,18740,16701,6,12,29,2,27,3,13,8,0.444444444444444,4.83333333333333,16
59,1435,99,7637,2354,8,11,28,3,21,16,7,9,0.523809523809524,3.5,7
36,1223,59,10096,8202,2,13,17,2,17,14,12,8,0.764705882352941,8.5,30
55,836,33,14756,19730,3,14,21,2,5,0,0,2,2.8,7,11
36,1195,95,6499,22656,2,13,6,3,6,5,0,3,2.16666666666667,3,30
45,1339,59,9724,18787,3,17,25,2,1,0,0,0,17,8.33333333333333,21
35,664,79,2194,5868,5,13,5,2,3,2,1,2,4.33333333333333,1,31
36,318,79,3388,21777,1,17,2,0,1,0,0,0,17,2,30
59,1225,57,5473,24668,8,11,20,2,4,3,1,3,2.75,2.5,7
29,1328,76,2703,4956,1,23,6,3,5,4,0,4,4.6,6,37
31,1082,87,2501,18775,2,17,1,4,1,1,1,0,17,0.5,35
32,548,66,6220,7346,2,17,10,3,10,4,0,9,1.7,5,34
36,132,55,3038,22002,4,12,5,3,1,0,0,0,12,1.25,30
31,746,61,4424,20682,2,23,11,2,11,7,1,8,2.09090909090909,5.5,35
35,776,32,4312,23016,1,14,16,2,15,13,2,8,0.933333333333333,16,31
45,193,52,13245,15067,5,14,17,3,0,0,0,0,28,3.4,21
37,397,30,13664,25258,5,13,16,3,5,2,0,2,2.6,3.2,29
46,945,80,5021,10425,9,22,16,2,4,2,0,2,5.5,1.77777777777778,20
30,852,55,5126,15998,2,12,10,1,10,8,3,0,1.2,5,36
35,1214,30,2859,26278,2,18,6,3,6,4,0,4,3,3,31
55,111,70,10239,18092,4,14,24,4,1,0,1,0,14,6,11
38,573,79,5329,15717,8,12,17,3,13,11,1,9,0.923076923076923,2.125,28
34,1153,94,4325,17736,2,15,5,2,5,2,1,3,3,2.5,32
56,1400,49,7260,21698,5,11,37,3,6,4,0,2,1.83333333333333,7.4,10
23,541,62,2322,9518,4,13,3,3,0,0,0,0,26,0.75,43
51,432,96,2075,18725,4,23,10,4,4,2,0,3,5.75,2.5,15
30,288,99,4152,15830,2,19,11,3,11,10,10,8,1.72727272727273,5.5,36
46,669,64,9619,13596,2,16,9,3,9,8,4,7,1.77777777777778,4.5,20
40,530,78,13503,14115,2,22,22,3,22,3,11,11,1,11,26
51,632,71,5441,8423,1,22,11,2,10,7,1,0,2.2,11,15
30,1334,63,5209,19760,2,12,11,4,11,8,2,7,1.09090909090909,5.5,36
46,638,40,10673,3142,3,13,21,5,10,9,9,5,1.3,7,20
32,1093,87,5010,24301,2,16,12,0,11,8,5,7,1.45454545454545,6,34
54,1217,60,13549,24001,10,12,16,5,4,3,0,3,3,1.6,12
24,1353,33,4999,17519,1,21,4,2,3,2,0,2,7,4,42
28,120,43,4221,8863,2,15,5,3,5,4,0,4,3,2.5,38
58,682,37,13872,24409,1,13,38,1,37,10,1,8,0.351351351351351,38,8
44,489,67,2042,25043,5,12,17,3,3,2,1,2,4,3.4,22
37,807,63,2073,23648,5,22,7,3,3,2,0,2,7.33333333333333,1.4,29
32,827,71,2956,15178,2,13,1,2,1,0,0,0,13,0.5,34
20,871,66,2926,19783,2,18,1,5,1,0,1,0,18,0.5,46
34,665,41,4809,12482,2,14,16,3,16,13,2,10,0.875,8,32
37,1040,100,5163,15850,6,14,17,2,1,0,0,0,14,2.83333333333333,29
59,1420,32,18844,21922,10,21,30,3,3,2,2,2,7,3,7
50,1115,73,18172,9755,4,19,28,1,8,3,0,7,2.375,7,16
25,240,46,5744,26959,2,11,6,1,6,4,0,3,1.83333333333333,3,41
25,1280,64,2889,26897,2,11,2,2,2,2,2,1,5.5,1,41
22,534,59,2871,23785,2,15,1,5,0,0,0,0,30,0.5,44
51,1456,30,7484,25796,4,20,23,1,13,12,12,8,1.53846153846154,5.75,15
34,658,66,6074,22887,2,24,9,3,9,7,0,6,2.66666666666667,4.5,32
54,142,30,17328,13871,3,12,23,3,5,3,4,4,2.4,7.66666666666667,12
24,1127,52,2774,13257,1,12,6,2,5,3,1,2,2.4,6,42
34,1031,45,4505,15000,7,15,12,3,1,0,0,0,15,1.71428571428571,32
37,1189,87,7428,14506,3,12,12,3,5,3,1,3,2.4,4,29
34,1354,45,11631,5615,3,12,14,6,11,10,5,8,1.09090909090909,4.66666666666667,32
36,1467,92,9738,22952,1,14,10,6,9,7,2,8,1.55555555555556,10,30
36,922,39,2835,2561,6,22,7,2,1,0,0,0,22,1.16666666666667,30
43,394,92,16959,19494,2,12,25,3,25,12,4,12,0.48,12.5,23
30,1312,96,2613,22310,2,25,10,2,10,7,0,9,2.5,5,36
33,750,95,6146,15480,1,13,8,2,7,7,0,7,1.85714285714286,8,33
56,441,72,4963,4510,10,18,7,2,5,4,4,3,3.6,0.7,10
51,684,51,19537,6462,8,13,23,5,20,18,15,15,0.65,2.875,15
31,249,76,6172,20739,5,18,12,3,7,7,7,7,2.57142857142857,2.4,35
26,841,46,2368,23300,2,19,5,3,5,4,4,3,3.8,2.5,40
58,147,94,10312,3465,2,12,40,3,40,10,15,6,0.3,20,8
19,528,50,1675,26820,2,19,0,2,0,0,0,0,38,0.25,47
22,594,100,2523,19299,1,14,3,2,2,1,2,1,7,3,44
49,470,96,6567,5549,2,14,16,2,15,11,5,11,0.933333333333333,8,17
43,957,72,4739,16090,5,12,18,2,3,2,1,2,4,3.6,23
50,809,77,9208,6645,5,11,16,3,2,2,2,1,5.5,3.2,16
31,542,71,4559,24788,4,11,4,2,2,2,2,2,5.5,1,35
41,802,96,8189,21196,4,13,12,2,9,7,0,7,1.44444444444444,3,25
26,1355,61,2942,8916,2,23,8,3,8,7,5,7,2.875,4,40
36,216,84,4941,2819,7,20,7,0,3,2,0,1,6.66666666666667,1,30
51,1150,53,10650,25150,3,15,18,2,4,2,0,3,3.75,6,15
39,1329,47,5902,14590,5,14,17,1,15,11,5,9,0.933333333333333,3.4,27
25,959,41,8639,24835,3,18,6,3,2,2,2,2,9,2,41
30,1240,48,6347,13982,1,19,12,2,11,9,4,7,1.72727272727273,12,36
32,1033,41,4200,10224,8,22,10,2,5,4,0,4,4.4,1.25,34
45,1316,83,3452,9752,6,13,9,2,6,5,0,3,2.16666666666667,1.5,21
38,364,32,4317,2302,4,20,19,2,3,2,2,2,6.66666666666667,4.75,28
30,438,75,2632,23910,2,14,5,4,5,4,0,4,2.8,2.5,36
32,689,35,4668,22812,1,17,9,2,8,7,0,7,2.125,9,34
30,201,84,3204,10415,6,14,8,3,3,2,2,2,4.66666666666667,1.33333333333333,36
30,1427,35,2720,11162,1,13,6,3,5,3,1,2,2.6,6,36
41,857,91,17181,12888,5,13,21,2,7,6,7,7,1.85714285714286,4.2,25
41,933,94,2238,6961,3,21,7,2,5,0,1,4,4.2,2.33333333333333,25
19,1181,79,1483,16102,2,14,1,3,1,0,0,0,14,0.5,47
40,1395,54,5605,8504,2,11,20,2,20,7,2,13,0.55,10,26
35,662,94,7295,11439,2,13,10,3,10,8,0,6,1.3,5,31
53,1436,34,2306,16047,3,20,13,3,7,7,4,5,2.85714285714286,4.33333333333333,13
45,194,60,2348,10901,9,18,20,2,17,9,0,15,1.05882352941176,2.22222222222222,21
32,967,43,8998,15589,2,14,9,2,9,8,3,7,1.55555555555556,4.5,34
29,1496,41,4319,26283,2,13,10,1,10,7,0,9,1.3,5,37
51,1169,34,6132,13983,3,17,10,2,1,0,0,0,17,3.33333333333333,15
58,1145,75,3346,11873,5,20,9,3,1,0,0,0,20,1.8,8
40,630,67,10855,8552,8,11,15,2,12,11,2,11,0.916666666666667,1.875,26
34,303,75,2231,11314,7,18,6,3,4,3,1,2,4.5,0.857142857142857,32
22,1256,80,2323,11992,2,24,2,6,2,2,2,2,12,1,44
27,691,57,2024,5970,7,18,6,1,2,2,2,2,9,0.857142857142857,39
28,440,42,2713,6672,2,11,5,2,5,2,0,2,2.2,2.5,38
57,334,83,9439,23402,4,16,12,2,5,3,1,4,3.2,3,9
27,1450,79,2566,25326,2,15,1,2,1,1,0,1,15,0.5,39
50,1452,53,19926,17053,4,15,21,5,5,4,4,4,3,5.25,16
41,465,56,2451,4609,5,12,13,2,9,8,1,8,1.33333333333333,2.6,25
30,1339,41,9419,8053,3,12,12,2,10,9,7,4,1.2,4,36
38,702,59,8686,12930,5,22,12,2,8,3,0,7,2.75,2.4,28
32,120,43,3038,12430,4,20,8,2,5,4,1,4,4,2,34
27,1157,51,3058,13364,1,16,6,3,5,2,1,1,3.2,6,39
19,602,100,2325,20989,1,21,1,5,0,0,0,0,42,1,47
36,1480,30,2088,15062,5,12,13,3,8,7,7,2,1.5,2.6,30
30,111,66,3072,11012,2,11,12,4,12,9,6,10,0.916666666666667,6,36
45,1268,30,5006,6319,5,11,9,3,5,4,0,3,2.2,1.8,21
56,713,67,4257,13939,5,18,19,3,2,2,2,2,9,3.8,10
33,134,90,2500,10515,1,14,4,2,3,1,0,2,4.66666666666667,4,33
19,303,47,1102,9241,2,22,1,3,1,0,1,0,22,0.5,47
46,526,92,10453,2137,2,25,24,2,24,13,15,7,1.04166666666667,12,20
38,1380,75,2288,6319,2,12,2,3,2,2,2,1,6,1,28
31,140,95,3929,6984,9,23,7,0,4,2,0,2,5.75,0.777777777777778,35
34,629,95,2311,5711,3,15,9,3,3,2,1,2,5,3,32
41,1356,70,3140,21728,2,22,4,5,4,3,0,2,5.5,2,25
50,328,86,3690,3425,3,15,5,2,3,2,0,2,5,1.66666666666667,16
53,1084,57,4450,26250,2,11,5,3,4,2,1,3,2.75,2.5,13
33,931,72,2756,4673,2,13,8,5,8,7,1,6,1.625,4,33
40,989,46,19033,6499,2,14,21,2,20,8,9,9,0.7,10.5,26
55,692,61,18722,13339,9,11,36,3,24,15,2,15,0.458333333333333,4,11
34,1069,45,9547,14074,2,17,10,2,10,9,1,9,1.7,5,32
51,313,98,13734,7192,4,18,21,6,7,7,1,0,2.57142857142857,5.25,15
52,699,65,19999,5678,1,14,34,5,33,18,11,9,0.424242424242424,34,14
27,894,99,2279,11781,2,16,7,2,7,7,0,3,2.28571428571429,3.5,39
35,556,50,5916,15497,4,13,8,1,1,0,0,1,13,2,31
43,1344,37,2089,5228,5,14,7,3,5,4,2,2,2.8,1.4,23
45,1195,65,16792,20462,10,23,22,1,20,8,11,8,1.15,2.2,21
37,290,65,3564,22977,2,12,8,3,8,7,1,7,1.5,4,29
35,138,37,4425,15986,6,11,10,5,6,2,1,2,1.83333333333333,1.66666666666667,31
42,926,36,5265,16439,3,16,11,5,5,3,0,2,3.2,3.66666666666667,24
38,1261,88,6553,7259,10,14,14,3,1,0,0,0,14,1.4,28
38,1084,54,6261,4185,4,18,9,3,7,7,1,7,2.57142857142857,2.25,28
27,472,60,4298,9679,6,19,6,1,2,2,2,0,9.5,1,39
49,1002,92,6804,23793,2,15,7,0,7,7,1,7,2.14285714285714,3.5,17
34,878,43,3815,5972,2,17,5,4,5,3,2,0,3.4,2.5,32
40,905,99,2741,16523,9,15,15,2,7,2,3,7,2.14285714285714,1.66666666666667,26
38,1180,70,6673,11354,8,19,17,2,1,0,0,0,19,2.125,28
29,121,35,7639,24525,2,22,10,3,10,4,1,9,2.2,5,37
22,1136,60,2328,12392,2,16,4,2,4,2,2,2,4,2,44
36,635,73,2153,7703,2,13,8,2,8,1,1,7,1.625,4,30
40,1151,63,4876,14242,10,14,5,5,3,2,0,2,4.66666666666667,0.5,26
46,644,97,9396,12368,8,16,17,3,4,2,0,3,4,2.125,20
32,1045,32,10400,25812,2,11,14,2,14,8,9,8,0.785714285714286,7,34
30,829,88,8474,20925,2,22,12,2,11,8,5,8,2,6,36
27,1242,90,9981,12916,2,14,7,2,7,7,0,7,2,3.5,39
51,1469,81,12490,15736,6,16,16,5,10,9,4,7,1.6,2.66666666666667,15
30,1005,88,2657,8556,6,11,8,5,5,2,0,4,2.2,1.33333333333333,36
41,896,75,13591,14674,4,18,16,3,1,0,0,0,18,4,25
30,334,52,6696,22967,6,15,9,5,6,3,0,1,2.5,1.5,36
29,992,85,2058,19757,1,14,7,1,6,2,1,5,2.33333333333333,7,37
45,1052,57,8865,16840,7,12,23,2,19,7,12,8,0.631578947368421,3.28571428571429,21
54,1147,52,5940,17011,3,14,16,4,6,2,0,5,2.33333333333333,5.33333333333333,12
36,1396,62,5914,9945,9,16,16,3,13,11,3,7,1.23076923076923,1.77777777777778,30
33,147,47,2622,13248,7,21,7,3,3,2,1,1,7,1,33
37,663,47,12185,10056,2,14,10,1,10,8,0,7,1.4,5,29
38,119,76,10609,9647,1,12,17,6,16,10,5,13,0.75,17,28
31,979,90,4345,4381,1,12,6,2,5,4,1,4,2.4,6,35
59,142,70,2177,8456,4,17,7,6,1,0,0,0,17,1.75,7
37,319,41,2793,2539,5,17,13,2,9,8,5,8,1.88888888888889,2.6,29
29,1413,42,7918,6599,2,14,11,5,11,10,4,1,1.27272727272727,5.5,37
35,944,92,8789,9096,2,14,10,3,10,7,0,8,1.4,5,31
29,896,86,2389,14961,2,13,4,3,4,3,0,1,3.25,2,37
52,1323,89,3212,3300,8,15,6,3,2,2,2,2,7.5,0.75,14
42,532,58,19232,4933,2,11,22,3,22,17,11,15,0.5,11,24
59,818,52,2267,25657,9,17,7,2,2,2,2,2,8.5,0.777777777777778,7
50,854,68,19517,24118,4,11,32,3,7,0,0,6,1.57142857142857,8,16
33,813,58,2436,22149,6,13,8,2,5,4,0,4,2.6,1.33333333333333,33
43,1034,80,16064,7744,6,22,22,3,17,13,1,9,1.29411764705882,3.66666666666667,23
33,465,39,2707,21509,8,20,13,3,9,7,1,7,2.22222222222222,1.625,33
52,771,79,19068,21030,2,18,33,2,33,7,15,12,0.545454545454545,16.5,14
32,1401,56,3931,20990,3,11,6,5,4,3,1,2,2.75,2,34
32,515,62,3730,9571,1,14,4,2,3,2,1,2,4.66666666666667,4,34
39,1431,96,2232,15417,8,14,7,1,3,2,1,2,4.66666666666667,0.875,27
32,976,100,4465,12069,1,18,4,2,3,2,2,2,6,4,34
41,1411,36,3072,19877,3,16,17,2,1,0,0,0,16,5.66666666666667,25
40,1300,62,3319,24447,2,17,9,3,9,8,4,7,1.88888888888889,4.5,26
45,252,70,19202,15970,1,11,25,2,24,0,1,7,0.458333333333333,25,21
31,1327,73,13675,13523,10,12,9,3,2,2,2,2,6,0.9,35
33,832,63,2911,14776,2,13,2,2,2,2,0,2,6.5,1,33
34,470,84,5957,23687,7,13,13,3,11,9,5,9,1.18181818181818,1.85714285714286,32
37,1017,83,3920,18697,3,14,17,2,3,1,0,2,4.66666666666667,5.66666666666667,29
45,1199,77,6434,5118,5,17,9,1,3,2,0,2,5.66666666666667,1.8,21
37,504,61,10048,22573,7,11,17,5,1,0,0,0,11,2.42857142857143,29
39,505,64,10938,6420,1,25,20,1,19,6,11,8,1.31578947368421,20,27
29,665,60,2340,22673,2,19,6,1,6,5,1,5,3.16666666666667,3,37
42,916,82,6545,23016,4,13,10,1,3,2,0,2,4.33333333333333,2.5,24
29,1247,45,6931,10732,3,14,10,2,3,2,0,2,4.66666666666667,3.33333333333333,37
25,685,62,4898,7505,1,12,5,3,4,2,1,2,3,5,41
42,269,56,2593,8007,1,11,10,4,9,6,7,8,1.22222222222222,10,24
40,1416,49,19436,5949,1,19,22,5,21,7,3,9,0.904761904761905,22,26
51,833,96,2723,23231,2,11,1,0,1,0,0,0,11,0.5,15
31,307,71,3479,11652,1,11,6,2,5,4,1,4,2.2,6,35
32,1311,100,2794,26062,2,20,5,3,5,1,0,3,4,2.5,34
38,1327,39,5249,19682,4,18,13,0,8,7,7,5,2.25,3.25,28
32,128,84,2176,19737,5,13,9,5,6,2,0,4,2.16666666666667,1.8,34
46,488,75,16872,14977,4,12,28,2,7,7,7,7,1.71428571428571,7,20
28,529,79,3485,14935,3,11,5,5,0,0,0,0,22,1.66666666666667,38
29,1210,78,6644,3687,3,19,10,2,0,0,0,0,38,3.33333333333333,37
31,1463,64,5582,14408,1,21,10,2,9,0,7,8,2.33333333333333,10,35
25,675,85,4000,18384,2,12,6,2,6,3,1,5,2,3,41
45,1385,79,13496,7501,1,14,21,2,20,7,4,10,0.7,21,21
36,1403,47,3210,20251,1,11,16,4,15,13,10,11,0.733333333333333,16,30
55,452,81,19045,18938,1,14,37,2,36,10,4,13,0.388888888888889,37,11
47,666,88,11849,10268,2,12,10,2,10,7,9,9,1.2,5,19
28,1158,94,2070,2613,2,23,5,3,5,2,0,4,4.6,2.5,38
37,228,98,6502,22825,5,14,7,5,5,4,0,1,2.8,1.4,29
21,996,100,3230,10531,2,17,3,4,3,2,1,0,5.66666666666667,1.5,45
37,728,80,13603,11677,3,18,15,2,5,2,0,2,3.6,5,29
35,1315,71,11996,19100,8,18,10,6,7,7,6,2,2.57142857142857,1.25,31
38,322,44,5605,19191,2,24,8,3,8,0,7,7,3,4,28
26,1479,84,6397,26767,2,20,6,6,6,5,1,4,3.33333333333333,3,40
50,797,96,19144,15815,4,14,28,4,10,4,1,6,1.4,7,16
53,1070,45,17584,21016,4,16,21,5,5,3,1,3,3.2,5.25,13
42,635,99,4907,24532,2,25,20,3,20,16,11,6,1.25,10,24
29,442,44,4554,20260,2,18,10,3,10,7,0,9,1.8,5,37
55,147,37,5415,15972,4,19,12,4,10,7,0,8,1.9,3,11
26,496,60,4741,22722,2,13,5,3,5,3,3,3,2.6,2.5,40
37,1372,42,2115,15881,2,12,17,3,17,12,5,7,0.705882352941177,8.5,29
44,920,43,3161,19920,4,22,19,0,1,0,0,0,22,4.75,22
38,688,82,5745,18899,10,14,10,2,2,2,1,2,7,1,28
26,1449,45,2373,14180,3,13,5,2,3,2,0,2,4.33333333333333,1.66666666666667,40
28,1117,66,3310,4488,2,21,5,3,5,3,0,2,4.2,2.5,38
49,636,35,18665,25594,10,11,22,4,3,2,1,2,3.66666666666667,2.2,17
36,506,30,4485,26285,5,12,10,2,8,0,7,7,1.5,2,30
31,444,84,2789,3909,2,11,2,5,2,2,2,2,5.5,1,35
26,950,48,5828,8450,2,12,8,0,8,7,7,4,1.5,4,40
37,889,53,2326,11411,2,12,4,3,4,2,1,2,3,2,29
42,555,77,13525,14864,6,14,23,2,20,4,4,8,0.7,3.83333333333333,24
18,230,54,1420,25233,2,13,0,2,0,0,0,0,26,0.25,48
35,1232,96,8020,5100,1,15,12,3,11,9,6,9,1.36363636363636,12,31
36,566,81,3688,7122,5,18,4,2,1,0,0,0,18,0.8,30
51,1302,84,5482,16321,6,18,13,3,4,1,1,2,4.5,2.16666666666667,15
41,334,88,16015,15896,2,19,22,2,22,10,0,4,0.863636363636364,11,25
18,812,69,1200,9724,2,12,0,2,0,0,0,0,24,0.25,48
28,1476,68,5661,4824,1,19,9,2,8,3,0,7,2.375,9,38
31,218,100,6929,12241,5,11,10,3,8,7,7,7,1.375,2,35
39,1132,48,9613,10942,1,17,19,5,18,10,3,7,0.944444444444444,19,27
36,1105,47,5674,6927,8,15,11,3,9,8,0,8,1.66666666666667,1.375,30
32,906,91,5484,16985,2,14,13,3,13,8,4,8,1.07692307692308,6.5,34
38,849,81,12061,26707,4,17,19,2,10,8,0,1,1.7,4.75,28
58,390,32,5660,17056,3,13,12,2,5,3,1,2,2.6,4,8
31,691,86,4821,10077,1,12,6,4,5,2,0,3,2.4,6,35
31,106,62,6410,17822,4,12,9,1,2,2,1,0,6,2.25,35
45,1249,97,5210,20308,2,18,24,2,24,9,9,11,0.75,12,21
31,192,32,2695,7747,1,18,3,2,2,2,2,2,9,3,35
33,553,74,11878,23364,7,11,12,2,10,6,8,8,1.1,1.71428571428571,33
39,117,99,17068,5355,2,14,21,3,21,9,11,10,0.666666666666667,10.5,27
43,185,33,2455,10675,1,19,9,5,8,7,1,7,2.375,9,23
49,1091,90,13964,17810,8,12,25,2,7,1,0,7,1.71428571428571,3.125,17
52,723,85,4941,17747,3,15,11,3,8,2,7,7,1.875,3.66666666666667,14
27,1220,85,2478,20938,2,12,4,2,4,3,1,2,3,2,39
32,588,65,5228,24624,2,11,13,2,13,12,11,9,0.846153846153846,6.5,34
27,1377,74,4478,5242,2,11,5,3,5,4,0,4,2.2,2.5,39
31,691,73,7547,7143,5,12,13,3,7,7,1,7,1.71428571428571,2.6,35
32,1018,74,5055,10557,8,16,10,0,7,7,0,7,2.28571428571429,1.25,34
28,1157,84,3464,24737,6,13,5,4,3,2,2,2,4.33333333333333,0.833333333333333,38
30,1275,64,5775,11934,2,13,11,2,10,8,1,9,1.3,5.5,36
31,798,48,8943,14034,2,24,10,2,10,9,8,9,2.4,5,35
39,672,54,19272,21141,2,15,21,2,21,9,13,3,0.714285714285714,10.5,27
39,1162,41,5238,17778,5,18,12,3,1,0,0,0,18,2.4,27
33,508,46,4682,4317,4,14,9,6,7,7,0,1,2,2.25,33
47,1482,42,18300,16375,5,11,21,2,3,2,1,1,3.66666666666667,4.2,19
43,559,82,5257,6227,2,11,9,3,9,7,0,0,1.22222222222222,4.5,23
27,210,73,6349,22107,1,13,6,0,5,4,1,4,2.6,6,39
54,928,31,4869,16885,4,12,20,4,4,3,0,3,3,5,12
43,1001,43,9985,9262,9,16,10,1,1,0,0,0,16,1.11111111111111,23
45,549,75,3697,9278,10,14,12,3,10,9,9,8,1.4,1.2,21
40,1124,57,7457,13273,3,22,6,2,4,3,0,2,5.5,2,26
29,318,77,2119,4759,2,11,7,4,7,7,0,7,1.57142857142857,3.5,37
29,738,30,3983,7621,1,17,4,2,3,2,2,2,5.66666666666667,4,37
30,570,30,6118,5431,2,13,10,2,10,9,1,2,1.3,5,36
27,1130,56,6214,3415,2,18,8,3,8,7,0,7,2.25,4,39
37,1192,61,6347,23177,8,16,8,2,6,2,0,4,2.66666666666667,1,29
38,343,92,11510,15682,1,14,12,3,11,10,2,9,1.27272727272727,12,28
31,1232,39,7143,25713,2,14,11,2,11,9,4,10,1.27272727272727,5.5,35
29,144,39,8268,11866,2,14,7,2,7,7,1,7,2,3.5,37
35,1296,62,8095,18264,1,13,17,5,16,6,0,13,0.8125,17,31
23,1309,83,2904,16092,2,12,4,2,4,2,0,2,3,2,43
41,483,95,6032,10110,7,15,8,3,5,4,1,2,3,1.14285714285714,25
47,1309,99,2976,25751,4,19,5,3,0,0,0,0,38,1.25,19
42,810,44,15992,15901,3,14,16,2,1,0,0,0,14,5.33333333333333,24
29,746,61,4649,16928,2,14,4,3,4,3,0,2,3.5,2,37
42,544,52,2696,24017,1,11,4,5,3,2,1,0,3.66666666666667,4,24
32,1062,75,2370,3956,2,13,8,4,8,0,0,7,1.625,4,34
48,530,91,12504,23978,4,21,15,3,0,0,0,0,42,3.75,18
37,1319,51,5974,17001,5,13,13,2,7,7,6,7,1.85714285714286,2.6,29
30,641,85,4736,6069,8,12,4,2,2,2,2,2,6,0.5,36
26,933,57,5296,20156,2,17,8,3,8,7,7,7,2.125,4,40
42,1332,98,6781,17078,4,23,14,6,1,0,0,0,23,3.5,24
21,756,99,2174,9150,2,11,3,3,3,2,1,2,3.66666666666667,1.5,45
36,845,45,6653,15276,5,15,7,6,1,0,0,0,15,1.4,30
36,541,48,9699,7246,5,11,16,2,13,9,1,12,0.846153846153846,3.2,30
57,593,88,6755,2967,3,11,15,2,3,2,1,2,3.66666666666667,5,9
40,1171,46,2213,22495,4,13,10,3,7,7,1,7,1.85714285714286,2.5,26
21,895,39,2610,2851,2,24,3,3,3,2,2,2,8,1.5,45
33,350,34,2851,9150,2,13,1,2,1,0,0,0,13,0.5,33
37,921,98,3452,17663,7,20,17,3,5,4,0,3,4,2.42857142857143,29
46,1144,30,5258,16044,3,14,7,2,1,0,0,0,14,2.33333333333333,20
41,143,56,9355,9558,2,18,8,5,8,7,7,7,2.25,4,25
50,1046,100,10496,2755,7,15,20,2,4,3,1,3,3.75,2.85714285714286,16
40,575,68,6380,6110,3,12,8,6,6,4,1,0,2,2.66666666666667,26
31,408,42,2657,7551,1,16,3,5,2,2,2,2,8,3,35
21,156,90,2716,25422,2,15,1,0,1,0,0,0,15,0.5,45
29,1283,54,2201,18168,10,16,6,4,3,2,1,2,5.33333333333333,0.6,37
35,755,97,6540,19394,10,19,10,5,1,1,0,0,19,1,31
27,1469,82,3816,17881,2,11,5,2,5,2,0,4,2.2,2.5,39
28,304,92,5253,20750,2,16,7,1,7,5,0,7,2.28571428571429,3.5,38
49,1261,31,10965,12066,9,24,26,2,5,2,0,0,4.8,2.88888888888889,17
51,1178,87,4936,14862,5,11,18,2,7,7,0,7,1.57142857142857,3.6,15
36,329,96,2543,11868,5,13,6,3,2,2,2,2,6.5,1.2,30
34,1362,67,5304,4652,9,13,9,3,5,2,0,4,2.6,1,32
55,1311,97,16659,23258,3,13,30,2,5,4,1,2,2.6,10,11
24,1371,77,4260,5915,2,12,5,2,5,2,0,3,2.4,2.5,42
30,202,72,2476,17434,2,18,1,3,1,0,0,0,18,0.5,36
26,575,73,3102,6582,1,22,7,2,6,4,0,4,3.66666666666667,7,40
22,253,43,2244,24440,2,13,2,1,2,1,1,2,6.5,1,44
36,164,61,7596,3809,2,13,10,2,10,9,9,0,1.3,5,30
30,464,40,2285,3427,10,23,3,4,1,0,0,0,23,0.3,36
37,1107,95,3034,26914,2,12,18,2,18,7,12,17,0.666666666666667,9,29
40,759,46,5715,22553,8,12,8,5,5,4,1,3,2.4,1,26
42,201,95,2576,20490,4,16,8,5,5,2,1,2,3.2,2,24
37,1305,49,4197,21123,3,12,18,2,1,0,0,1,12,6,29
43,982,59,14336,4345,2,11,25,3,25,10,3,9,0.44,12.5,23
40,555,78,3448,13436,7,22,20,3,1,0,0,0,22,2.85714285714286,26
54,821,86,19406,8509,5,11,24,4,4,2,1,2,2.75,4.8,12
34,1381,72,6538,12740,10,15,6,3,3,2,1,2,5,0.6,32
31,480,31,4306,4156,2,12,13,5,13,10,3,12,0.923076923076923,6.5,35
43,313,61,2258,15238,8,20,8,1,3,2,1,2,6.66666666666667,1,23
43,1473,74,4522,2227,5,14,8,3,5,2,0,2,2.8,1.6,23
25,891,99,4487,12090,2,11,5,3,5,4,1,3,2.2,2.5,41
37,1063,72,4449,23866,4,15,15,2,13,11,10,7,1.15384615384615,3.75,29
31,329,98,2218,16193,2,12,4,3,4,2,3,2,3,2,35
39,1218,52,19197,8213,2,14,21,3,21,8,1,6,0.666666666666667,10.5,27
56,906,86,13212,18256,10,11,36,0,7,7,7,7,1.57142857142857,3.6,10
30,1082,83,6577,19558,1,11,6,6,5,4,4,4,2.2,6,36
41,645,49,8392,19566,2,16,10,2,10,7,0,7,1.6,5,25
28,1300,79,4558,13535,2,12,10,2,10,0,1,8,1.2,5,38
25,688,91,4031,9396,6,13,6,5,2,2,0,2,6.5,1,41
52,319,39,7969,19609,3,14,28,4,5,4,0,4,2.8,9.33333333333333,14
45,192,69,2654,9655,4,21,8,3,2,2,0,2,10.5,2,21
52,1490,30,16555,10310,3,13,31,2,5,2,1,4,2.6,10.3333333333333,14
42,532,92,4556,12932,3,11,19,3,5,4,0,2,2.2,6.33333333333333,24
30,317,43,6091,24793,3,20,11,2,5,4,0,2,4,3.66666666666667,36
60,422,41,19566,3854,6,11,33,5,29,8,11,10,0.379310344827586,5.5,6
46,1485,87,4810,26314,3,14,19,5,10,7,0,8,1.4,6.33333333333333,20
42,1368,88,4523,4386,1,11,7,4,6,5,0,4,1.83333333333333,7,24
24,1448,62,3202,21972,2,16,6,4,5,3,1,4,3.2,3,42
34,296,33,2351,12253,1,16,3,3,2,2,1,0,8,3,32
38,1490,42,1702,12106,2,23,1,3,1,0,0,0,23,0.5,28
40,1398,79,18041,13022,1,14,21,2,20,15,1,12,0.7,21,26
26,1349,90,2886,3032,2,22,3,3,3,2,0,2,7.33333333333333,1.5,40
30,1400,53,2097,16734,5,15,9,3,5,3,1,4,3,1.8,36
29,986,93,11935,21526,2,18,10,2,10,2,0,7,1.8,5,37
29,408,71,2546,18300,6,16,6,2,2,2,1,1,8,1,37
19,489,52,2564,18437,2,12,1,3,1,0,0,0,12,0.5,47
30,1398,69,8412,2890,1,11,10,3,9,8,7,8,1.22222222222222,10,36
57,210,56,14118,22102,4,12,32,3,1,0,0,0,12,8,9
50,1099,88,17046,9314,1,15,28,2,27,10,15,7,0.555555555555556,28,16
30,1116,49,2564,7181,1,14,12,2,11,7,6,7,1.27272727272727,12,36
60,1499,80,10266,2845,5,19,22,5,18,13,13,11,1.05555555555556,4.4,6
47,983,65,5070,7389,6,13,20,2,5,0,0,4,2.6,3.33333333333333,19
46,1009,51,17861,2288,7,13,26,2,3,2,0,1,4.33333333333333,3.71428571428571,20
35,144,46,4230,19225,1,15,6,2,5,4,4,3,3,6,31
54,548,42,3780,23428,8,11,19,3,1,0,0,0,11,2.375,12
34,1303,62,2768,8416,4,12,14,3,7,3,5,7,1.71428571428571,3.5,32
46,1125,94,9071,11563,3,19,15,3,3,2,1,2,6.33333333333333,5,20
31,1274,33,10648,14394,2,25,13,6,13,8,0,8,1.92307692307692,6.5,35
33,1277,56,13610,24619,8,12,15,2,7,6,7,7,1.71428571428571,1.875,33
33,587,38,3408,6705,8,13,8,2,4,3,1,3,3.25,1,33
30,413,57,2983,18398,1,14,4,3,3,2,1,2,4.66666666666667,4,36
35,1276,72,7632,14295,5,12,10,2,8,7,0,0,1.5,2,31
31,534,66,9824,22908,4,12,12,2,1,0,0,0,12,3,35
34,988,43,9950,11533,10,15,11,2,3,2,0,2,5,1.1,32
42,1474,97,2093,9260,5,17,8,4,2,2,2,0,8.5,1.6,24
36,635,32,9980,15318,2,14,10,3,10,3,9,7,1.4,5,30
22,1368,99,3894,9129,6,16,4,3,2,2,1,2,8,0.666666666666667,44
48,163,37,4051,19658,3,14,14,2,9,7,6,7,1.55555555555556,4.66666666666667,18
55,1117,83,16835,9873,4,23,37,2,10,9,7,7,2.3,9.25,11
41,267,56,6230,13430,8,14,16,3,14,3,1,10,1,2,25
35,619,85,4717,18659,10,11,15,2,11,9,6,9,1,1.5,31
40,302,75,13237,20364,8,15,22,3,20,6,5,13,0.75,2.75,26
39,443,48,3755,17872,2,11,8,3,8,3,0,7,1.375,4,27
31,828,77,6582,8346,5,13,10,2,6,5,0,5,2.16666666666667,2,35
42,319,56,7406,6950,2,21,10,5,10,9,5,8,2.1,5,24
45,561,61,4805,16177,1,19,9,3,8,7,3,7,2.375,9,21
26,426,58,2741,22808,1,11,8,2,7,7,1,0,1.57142857142857,8,40
29,232,34,4262,22645,5,12,8,2,3,2,1,2,4,1.6,37
33,922,95,16184,22578,5,19,10,2,6,1,0,5,3.16666666666667,2,33
31,688,44,11557,25291,10,21,10,3,5,4,0,1,4.2,1,35
18,1306,69,1878,8059,2,14,0,3,0,0,0,0,28,0.25,48
40,1094,58,10932,11373,4,15,20,2,1,0,0,1,15,5,26
41,509,62,6811,2112,3,17,10,3,8,7,0,7,2.125,3.33333333333333,25
26,775,45,4306,4267,6,12,8,5,0,0,0,0,24,1.33333333333333,40
35,195,80,4859,6698,2,16,5,3,5,4,0,3,3.2,2.5,31
34,258,74,5337,19921,2,12,10,3,10,7,5,7,1.2,5,32
26,471,66,2340,23213,2,18,1,3,1,0,0,0,18,0.5,40
37,799,59,7491,23848,5,17,12,3,6,5,1,2,2.83333333333333,2.4,29
46,1034,86,10527,8984,6,11,28,3,2,2,1,2,5.5,4.66666666666667,20
41,1276,91,16595,5626,8,16,22,2,18,16,11,8,0.888888888888889,2.75,25
37,142,69,8834,24666,2,13,9,6,9,5,7,7,1.44444444444444,4.5,29
52,956,78,5577,22087,4,12,18,3,10,9,6,9,1.2,4.5,14
32,1474,60,4707,23914,9,12,6,2,4,2,1,2,3,0.666666666666667,34
24,535,38,2400,5530,1,13,3,3,2,2,2,1,6.5,3,42
38,1495,76,9824,22174,4,19,18,4,1,0,0,0,19,4.5,28
37,446,65,6447,15701,7,12,8,2,6,5,4,3,2,1.14285714285714,29
49,1245,58,19502,2125,2,17,31,5,31,9,0,9,0.548387096774194,15.5,17
24,691,89,2725,21630,2,11,6,3,6,5,1,4,1.83333333333333,3,42
26,703,66,6272,7428,2,20,6,5,5,3,1,4,4,3,40
24,823,94,2127,9100,2,21,1,2,1,0,0,0,21,0.5,42
50,1246,99,18200,7999,2,11,32,2,32,5,10,7,0.34375,16,16
25,622,40,2096,26376,2,11,7,1,7,4,0,6,1.57142857142857,3.5,41
24,1287,55,2886,14168,2,16,6,4,6,3,1,2,2.66666666666667,3,42
30,448,74,2033,14470,2,18,1,2,1,0,0,0,18,0.5,36
34,254,83,3622,22794,2,13,6,3,6,5,1,3,2.16666666666667,3,32
31,1365,46,4233,11512,3,17,9,2,3,1,1,2,5.66666666666667,3,35
35,538,54,3681,14004,5,14,9,3,3,2,0,2,4.66666666666667,1.8,31
31,525,66,5460,6219,5,22,13,4,7,7,5,7,3.14285714285714,2.6,35
27,798,66,2187,5013,1,12,6,5,5,3,0,3,2.4,6,39
37,558,75,9602,3010,5,11,17,3,3,0,1,0,3.66666666666667,3.4,29
20,959,83,2836,11757,2,13,1,0,1,0,0,0,13,0.5,46
42,622,81,4089,5718,2,13,10,4,10,2,2,2,1.3,5,24
43,782,50,16627,2671,5,14,21,3,1,0,0,0,14,4.2,23
38,362,43,2619,14561,4,17,8,3,0,0,0,0,34,2,28
43,1001,72,5679,19627,4,13,10,3,8,7,4,7,1.625,2.5,23
48,1236,40,15402,17997,8,11,21,3,3,2,0,2,3.66666666666667,2.625,18
44,1112,50,5985,26894,5,11,10,1,2,2,0,2,5.5,2,22
34,204,31,2579,2912,2,18,8,3,8,2,0,6,2.25,4,32
27,1420,85,3041,16346,1,11,5,3,4,3,0,2,2.75,5,39
21,1343,49,3447,24444,2,11,3,2,3,2,1,2,3.66666666666667,1.5,45
44,1315,35,19513,9358,5,12,26,2,2,2,0,1,6,5.2,22
22,604,69,2773,12145,1,20,3,3,2,2,2,2,10,3,44
33,1216,39,7104,20431,1,12,6,3,5,0,1,2,2.4,6,33
32,646,92,6322,18089,2,12,6,2,6,4,0,5,2,3,34
30,160,71,2083,22653,2,20,1,2,1,0,0,0,20,0.5,36
53,238,34,8381,7507,8,20,18,2,14,7,8,10,1.42857142857143,2.25,13
34,1397,42,2691,7660,2,12,10,4,10,9,8,8,1.2,5,32
45,306,100,4286,5630,3,14,5,4,1,1,0,0,14,1.66666666666667,21
26,991,71,2659,17759,2,13,3,2,3,2,0,2,4.33333333333333,1.5,40
37,482,36,9434,9606,2,15,10,2,10,7,7,8,1.5,5,29
29,1176,62,5561,3487,2,14,6,5,6,0,1,2,2.33333333333333,3,37
35,1017,82,6646,19368,2,13,17,3,17,11,11,8,0.764705882352941,8.5,31
33,1296,30,7725,5335,4,23,15,2,13,11,4,7,1.76923076923077,3.75,33
54,397,88,10725,6729,3,15,16,1,9,7,7,1,1.66666666666667,5.33333333333333,12
36,913,48,8847,13934,3,11,13,2,3,2,0,2,3.66666666666667,4.33333333333333,30
27,1115,54,2045,15174,1,13,5,0,4,2,1,1,3.25,5,39
20,1362,32,1009,26999,2,11,1,5,1,0,1,1,11,0.5,46
33,1076,70,3348,3164,2,11,10,3,10,8,9,7,1.1,5,33
35,727,41,1281,16900,2,18,1,3,1,0,0,0,18,0.5,31
23,885,58,2819,8544,3,16,5,3,3,2,0,2,5.33333333333333,1.66666666666667,43
25,810,57,4851,15678,1,22,4,4,3,2,1,2,7.33333333333333,4,41
38,243,46,4028,7791,1,20,8,2,7,7,0,5,2.85714285714286,8,28
29,806,76,2720,18959,2,18,10,5,10,7,2,8,1.8,5,37
48,817,56,8120,18597,4,12,12,3,2,2,2,2,6,3,18
27,1410,71,4647,16673,2,20,6,3,6,5,0,4,3.33333333333333,3,39
37,1225,80,4680,15232,4,17,4,2,1,0,0,0,17,1,29
50,1207,74,3221,3297,2,11,20,3,20,8,3,8,0.55,10,16
34,1442,46,8621,17654,2,14,9,3,8,7,7,7,1.75,4.5,32
24,693,65,4577,24785,10,14,4,3,2,2,2,0,7,0.4,42
39,408,80,4553,20978,2,11,20,4,20,7,11,10,0.55,10,27
32,929,55,5396,21703,2,12,10,2,10,7,0,8,1.2,5,34
50,562,50,6796,23452,4,14,18,4,4,3,1,3,3.5,4.5,16
38,827,33,7625,19383,1,13,10,4,9,7,1,8,1.44444444444444,10,28
27,608,68,7412,6009,2,11,9,3,9,7,0,7,1.22222222222222,4.5,39
32,1018,39,11159,19373,4,15,10,6,7,7,7,7,2.14285714285714,2.5,34
47,703,42,4960,11825,3,12,20,2,7,7,1,7,1.71428571428571,6.66666666666667,19
40,580,48,10475,23772,6,21,20,2,18,13,1,12,1.16666666666667,3.33333333333333,26
53,970,59,14814,13514,4,19,32,3,5,1,1,3,3.8,8,13
41,427,73,19141,8861,4,15,23,2,21,6,12,6,0.714285714285714,5.75,25
60,1179,84,5405,11924,9,14,10,1,2,2,2,2,7,1.11111111111111,6
27,294,32,8793,4809,2,21,9,4,9,7,1,7,2.33333333333333,4.5,39
41,314,59,19189,19562,2,12,22,3,22,7,2,10,0.545454545454545,11,25
50,316,54,3875,9983,8,15,4,2,2,2,2,2,7.5,0.5,16
28,654,67,2216,3872,8,13,10,4,7,7,3,7,1.85714285714286,1.25,38
36,427,63,11713,20335,10,14,10,2,8,7,0,5,1.75,1,30
38,168,81,7861,15397,5,14,10,4,1,0,0,0,14,2,28
44,381,49,3708,2104,3,14,9,5,5,2,1,4,2.8,3,22
47,217,49,13770,10225,10,12,28,2,22,2,11,13,0.545454545454545,2.8,19
30,501,99,5304,25275,8,23,10,2,8,7,7,7,2.875,1.25,36
29,1396,99,2642,2755,2,11,1,6,1,0,0,0,11,0.5,37
42,933,57,2759,20366,7,12,7,2,2,2,2,2,6,1,24
43,775,47,6804,23683,4,18,7,5,2,2,2,2,9,1.75,23
34,970,96,6142,7360,4,11,10,2,5,1,4,3,2.2,2.5,32
23,650,37,2500,4344,2,14,5,2,4,3,0,2,3.5,2.5,43
39,141,44,6389,18767,10,15,12,3,8,3,3,6,1.875,1.2,27
56,832,81,11103,20420,8,11,30,1,10,7,1,1,1.1,3.75,10
40,804,86,2342,22929,1,20,5,2,4,2,2,3,5,5,26
27,975,55,6811,23398,9,19,9,2,7,6,0,7,2.71428571428571,1,39
29,1090,83,2297,17967,2,14,2,2,2,2,2,2,7,1,37
53,346,86,2450,10919,3,17,19,4,2,2,2,2,8.5,6.33333333333333,13
35,1225,61,5093,4761,3,11,16,2,1,0,0,0,11,5.33333333333333,31
32,430,80,5309,21146,2,15,10,2,10,8,4,7,1.5,5,34
38,268,92,3057,20471,7,13,6,0,1,0,0,1,13,0.857142857142857,28
34,167,32,5121,4187,4,14,7,3,0,0,0,0,28,1.75,32
52,621,31,16856,10084,2,11,34,3,34,6,1,16,0.323529411764706,17,14
33,527,63,2686,5207,2,13,10,2,10,9,7,8,1.3,5,33
25,883,32,6180,22807,2,23,6,5,6,5,1,4,3.83333333333333,3,41
45,954,46,6632,12388,1,13,9,3,8,7,3,1,1.625,9,21
23,310,79,3505,19630,2,18,2,3,2,2,0,2,9,1,43
47,719,77,6397,10339,5,12,8,2,5,4,1,3,2.4,1.6,19
34,304,60,6274,18686,2,22,6,5,6,5,1,4,3.66666666666667,3,32
55,725,78,19859,21199,6,13,24,2,5,2,1,4,2.6,4,11
36,1434,76,7587,14229,2,15,10,1,10,7,0,9,1.5,5,30
52,715,41,4258,26589,1,18,5,3,4,3,1,2,4.5,5,14
26,575,71,4364,5288,4,14,5,2,2,2,2,0,7,1.25,40
29,657,66,4335,25549,5,12,11,3,8,7,1,1,1.5,2.2,37
26,1146,38,5326,3064,7,17,6,2,4,3,1,2,4.25,0.857142857142857,40
34,182,72,3280,13551,3,16,10,2,4,2,1,3,4,3.33333333333333,32
54,376,95,5485,22670,10,11,9,4,5,3,1,4,2.2,0.9,12
27,829,84,4342,24008,1,19,5,3,4,2,1,1,4.75,5,39
37,571,82,2782,19905,1,13,6,3,5,3,4,3,2.6,6,29
38,240,75,5980,26085,7,12,17,2,15,7,4,12,0.8,2.42857142857143,28
34,121,86,4381,7530,2,11,6,3,6,5,1,3,1.83333333333333,3,32
35,384,72,2572,20317,2,16,3,1,3,2,0,2,5.33333333333333,1.5,31
30,921,38,3833,24375,4,21,7,2,2,2,0,2,10.5,1.75,36
40,791,38,4244,9931,2,24,8,2,8,7,3,7,3,4,26
34,1111,93,6500,13305,6,17,6,1,3,2,1,2,5.66666666666667,1,32
42,570,66,18430,16225,2,13,24,4,24,7,14,9,0.541666666666667,12,24
23,1243,63,1601,3445,2,21,1,2,0,0,0,0,42,0.5,43
24,1092,60,2694,26551,2,11,1,4,1,0,0,0,11,0.5,42
52,1325,82,3149,21821,9,20,9,3,5,2,1,4,4,1,14
50,691,64,17639,6881,6,16,30,3,4,3,0,3,4,5,16
29,805,36,2319,6689,2,11,1,1,1,0,0,0,11,0.5,37
33,213,49,11691,25995,1,11,14,3,13,9,3,7,0.846153846153846,14,33
33,118,69,5324,26507,6,15,6,3,3,2,0,2,5,1,33
47,202,33,16752,12982,2,11,26,3,26,14,3,0,0.423076923076923,13,19
36,676,35,5228,23361,1,15,10,2,9,7,0,5,1.66666666666667,10,30
29,1252,81,2700,23779,2,24,10,3,10,7,0,7,2.4,5,37
58,286,31,19246,25761,8,12,40,2,31,15,13,8,0.387096774193548,5,8
35,1258,40,2506,13301,4,13,7,0,2,2,2,2,6.5,1.75,31
42,932,43,6062,4051,10,13,8,4,4,3,0,2,3.25,0.8,24
28,890,46,4382,16374,7,17,5,3,2,2,2,1,8.5,0.714285714285714,38
36,1041,36,2143,25527,5,13,8,2,5,2,0,4,2.6,1.6,30
32,859,98,6162,19124,2,12,14,3,14,13,6,8,0.857142857142857,7,34
40,720,51,5094,11983,7,14,10,6,1,0,0,0,14,1.42857142857143,26
30,946,52,6877,20234,6,24,12,4,0,0,0,0,48,2,36
45,252,95,2274,6153,2,14,1,3,1,0,0,0,14,0.5,21
42,933,98,4434,11806,2,13,10,3,9,8,7,8,1.44444444444444,5,24
38,471,45,6288,4284,3,15,13,3,4,3,1,2,3.75,4.33333333333333,28
34,702,100,2553,8306,2,16,6,3,5,2,1,3,3.2,3,32
49,1184,43,7654,5860,2,18,9,3,9,8,7,7,2,4.5,17
55,436,37,5160,21519,5,16,12,3,9,7,7,3,1.77777777777778,2.4,11
43,589,94,17159,5200,7,24,22,3,4,1,1,0,6,3.14285714285714,23
27,269,42,12808,8842,2,16,9,3,9,8,0,8,1.77777777777778,4.5,39
35,950,59,10221,18869,4,21,17,3,8,5,1,6,2.625,4.25,31
28,760,81,4779,3698,2,20,8,2,8,7,7,5,2.5,4,38
34,829,88,3737,2243,1,19,4,1,3,2,0,2,6.33333333333333,4,32
26,887,88,2366,20898,2,14,8,2,8,7,1,7,1.75,4,40
27,443,50,1706,16571,2,11,0,6,0,0,0,0,22,0.25,39
51,1318,66,16307,5594,3,14,29,2,20,6,4,17,0.7,9.66666666666667,15
44,625,50,5933,5197,10,12,10,2,5,2,2,3,2.4,1,22
25,180,65,3424,21632,8,13,6,3,4,3,0,1,3.25,0.75,41
33,586,48,4037,21816,2,22,9,5,9,8,0,8,2.44444444444444,4.5,33
35,1343,53,2559,17852,2,11,6,3,6,5,1,1,1.83333333333333,3,31
36,928,56,6201,2823,2,14,18,1,18,14,4,11,0.777777777777778,9,30
32,117,73,4403,9250,3,11,8,3,5,2,0,3,2.2,2.66666666666667,34
30,1012,75,3761,2373,10,12,10,3,5,4,0,3,2.4,1,36
53,661,78,10934,20715,8,18,35,3,5,2,0,4,3.6,4.375,13
45,930,74,10761,19239,5,12,18,2,5,4,0,2,2.4,3.6,21
32,638,91,5175,22162,6,12,9,3,5,3,1,3,2.4,1.5,34
52,890,81,13826,19028,4,22,31,3,9,8,0,0,2.44444444444444,7.75,14
37,342,66,6334,24558,5,19,9,2,1,0,0,0,19,1.8,29
28,1169,63,4936,23965,2,13,6,6,5,1,0,4,2.6,3,38
22,1230,33,4775,19146,7,22,4,2,2,2,2,2,11,0.571428571428571,44
44,986,62,2818,5044,3,24,10,2,3,2,0,2,8,3.33333333333333,22
42,1271,35,2515,9068,6,14,8,2,2,1,2,2,7,1.33333333333333,24
36,1278,77,2342,8635,1,21,6,3,5,4,0,3,4.2,6,30
25,141,98,4194,14363,2,18,5,3,5,3,0,3,3.6,2.5,41
35,607,66,10685,23457,2,20,17,2,17,14,5,15,1.17647058823529,8.5,31
35,130,96,2022,16612,2,19,10,3,10,2,7,8,1.9,5,31
32,300,61,2314,9148,1,12,4,2,3,0,0,2,4,4,34
25,583,87,4256,18154,2,12,5,1,5,2,0,3,2.4,2.5,41
49,1418,36,3580,10554,3,16,7,2,4,2,0,2,4,2.33333333333333,17
24,1269,46,3162,10778,1,17,6,2,5,2,3,4,3.4,6,42
32,379,48,6524,8891,2,14,10,3,10,8,5,3,1.4,5,34
38,395,98,2899,12102,1,19,3,3,2,2,1,2,9.5,3,28
42,1265,95,5231,23726,3,13,17,1,5,3,1,3,2.6,5.66666666666667,24
31,1222,48,2356,14871,4,19,8,2,6,4,0,2,3.16666666666667,2,35
29,341,48,2800,23522,7,19,5,3,3,2,0,2,6.33333333333333,0.714285714285714,37
53,868,73,11836,22789,6,14,28,3,2,0,2,2,7,4.66666666666667,13
35,672,78,10903,9129,4,16,16,2,13,10,4,8,1.23076923076923,4,31
37,1231,54,2973,21222,6,15,10,3,5,4,0,0,3,1.66666666666667,29
53,102,72,14275,20206,7,18,33,0,12,9,3,8,1.5,4.71428571428571,13
43,422,33,5562,21782,5,13,12,2,5,2,2,2,2.6,2.4,23
47,249,35,4537,17783,1,22,8,2,7,6,7,7,3.14285714285714,8,19
37,1252,32,7642,4814,2,13,10,2,10,0,0,9,1.3,5,29
50,881,98,17924,4544,2,11,31,3,31,6,14,7,0.354838709677419,15.5,16
39,1383,42,5204,7790,9,11,13,2,5,4,0,4,2.2,1.44444444444444,27
33,1075,57,2277,22650,4,11,7,4,4,3,0,3,2.75,1.75,33
32,374,87,2795,18016,2,24,1,2,1,0,0,1,24,0.5,34
29,1086,62,2532,6054,7,14,8,5,4,3,0,3,3.5,1.14285714285714,37
44,661,61,2559,7508,2,13,8,0,8,7,7,1,1.625,4,22
28,821,98,4908,24252,2,14,4,3,4,2,0,2,3.5,2,38
58,781,57,2380,13384,10,14,3,3,1,0,0,0,14,0.3,8
43,177,55,4765,23814,5,21,4,2,1,0,0,0,21,0.8,23
20,500,49,2044,22052,2,13,2,3,2,2,0,2,6.5,1,46
21,1427,65,2693,8870,2,19,1,3,1,0,0,0,19,0.5,45
36,1425,68,6586,4821,1,17,17,2,16,8,4,11,1.0625,17,30
47,1454,65,3294,13137,2,18,3,3,3,2,1,2,6,1.5,19
22,617,34,4171,10022,1,19,4,3,3,2,0,2,6.33333333333333,4,44
41,1085,57,2778,17725,5,13,10,1,7,7,1,0,1.85714285714286,2,25
28,995,77,2377,9834,6,18,6,2,2,2,2,2,9,1,38
39,1122,70,2404,4303,8,21,8,2,2,2,2,2,10.5,1,27
27,618,76,2318,17808,2,19,1,2,1,1,0,0,19,0.5,39
34,546,83,2008,6896,2,14,1,3,1,0,1,0,14,0.5,32
42,462,68,6244,7824,8,17,10,6,5,4,0,3,3.4,1.25,24
33,1198,100,2799,3339,4,11,6,1,3,2,0,2,3.66666666666667,1.5,33
58,1272,37,10552,9255,3,13,24,3,6,0,0,4,2.16666666666667,8,8
31,154,41,2329,11737,4,15,13,2,7,7,5,2,2.14285714285714,3.25,35
35,1137,51,4014,19170,2,25,10,2,10,6,0,7,2.5,5,31
49,527,51,7403,22477,5,11,29,3,26,9,1,7,0.423076923076923,5.8,17
48,1469,51,2259,5543,5,17,13,2,0,0,0,0,34,2.6,18
31,1188,45,6932,24406,2,13,9,2,9,8,0,0,1.44444444444444,4.5,35
36,188,65,4678,23293,3,18,8,6,6,2,0,1,3,2.66666666666667,30
38,1333,80,13582,16292,2,13,15,3,15,12,5,11,0.866666666666667,7.5,28
32,1184,70,2332,3974,7,20,5,3,3,0,0,2,6.66666666666667,0.714285714285714,34
25,867,36,2413,18798,2,18,1,2,1,0,0,0,18,0.5,41
40,658,67,9705,20652,3,12,11,2,1,0,0,0,12,3.66666666666667,26
26,1283,52,4294,11148,2,12,7,2,7,7,0,7,1.71428571428571,3.5,40
41,263,59,4721,3119,3,13,20,3,18,13,2,17,0.722222222222222,6.66666666666667,25
36,938,79,2519,12287,5,21,16,6,11,8,3,9,1.90909090909091,3.2,30
19,419,37,2121,9947,2,13,1,3,1,0,0,0,13,0.5,47
20,129,84,2973,13008,2,19,1,2,1,0,0,0,19,0.5,46
31,616,41,5855,17369,1,11,10,2,9,7,8,5,1.22222222222222,10,35
40,1469,35,3617,25063,9,14,3,2,1,1,0,0,14,0.333333333333333,26
32,498,93,6725,13554,2,12,8,2,8,7,6,3,1.5,4,34
36,530,51,10325,5518,2,11,16,6,16,7,3,7,0.6875,8,30
33,1069,42,6949,12291,1,14,6,3,5,0,1,4,2.8,6,33
37,625,46,10609,14922,6,11,17,2,14,1,11,7,0.785714285714286,2.83333333333333,29
45,805,57,4447,23163,2,12,9,5,9,7,0,8,1.33333333333333,4.5,21
29,1404,84,2157,18203,2,15,3,5,3,1,0,2,5,1.5,37
35,1219,86,4601,6179,2,16,5,3,5,2,1,0,3.2,2.5,31
52,1053,70,17099,13829,3,15,26,2,9,8,7,8,1.66666666666667,8.66666666666667,14
58,289,51,2479,26227,5,24,7,4,1,0,0,0,24,1.4,8
53,1376,45,14852,13938,7,13,22,3,17,13,15,2,0.764705882352941,3.14285714285714,13
30,231,62,7264,9977,6,11,10,2,8,4,7,7,1.375,1.66666666666667,36
38,152,85,5666,19899,2,13,6,1,5,3,1,3,2.6,3,28
35,882,92,7823,6812,7,13,12,2,10,9,0,8,1.3,1.71428571428571,31
39,903,41,7880,2560,1,18,9,3,8,7,0,7,2.25,9,27
40,1479,100,13194,17071,5,16,22,2,1,0,0,0,16,4.4,26
47,1379,64,5067,6759,2,19,20,3,19,10,2,7,1,10,19
36,1229,84,5079,25952,5,13,12,3,7,7,0,7,1.85714285714286,2.4,30
31,335,46,2321,10322,1,22,4,0,3,2,1,2,7.33333333333333,4,35
33,722,38,17444,20489,2,11,10,2,10,8,6,0,1.1,5,33
29,906,92,2404,11479,7,20,3,5,0,0,0,0,40,0.428571428571429,37
33,461,53,3452,17241,4,18,5,4,3,2,0,2,6,1.25,33
45,974,91,2270,11005,4,14,8,2,5,3,0,2,2.8,2,21
50,1126,66,17399,6615,10,22,32,1,5,4,1,3,4.4,3.2,16
33,827,84,5488,20161,2,13,6,2,6,5,1,2,2.16666666666667,3,33
41,840,64,19419,3735,3,17,21,2,18,16,0,11,0.944444444444444,7,25
27,1134,37,2811,12086,10,14,4,2,2,2,2,2,7,0.4,39
45,248,42,3633,14039,2,15,9,2,9,8,0,8,1.66666666666667,4.5,21
47,955,83,4163,8571,2,17,9,0,9,0,0,7,1.88888888888889,4.5,19
30,138,48,2132,11539,5,11,7,2,5,2,0,1,2.2,1.4,36
50,939,95,13973,4161,4,18,22,2,12,11,1,5,1.5,5.5,16
38,1391,66,2684,12127,1,17,3,0,2,1,0,2,8.5,3,28
46,566,75,10845,24208,7,13,13,3,8,7,0,7,1.625,1.85714285714286,20
24,1206,41,4377,24117,2,15,5,6,4,2,3,2,3.75,2.5,42
35,622,39,3743,10074,2,24,5,2,4,2,0,2,6,2.5,31
31,853,96,4148,11275,2,12,4,1,4,3,0,3,3,2,35
18,287,73,1051,13493,2,15,0,2,0,0,0,0,30,0.25,48
54,1441,56,10739,13943,9,11,22,2,10,7,0,8,1.1,2.44444444444444,12
35,583,57,10388,6975,2,11,16,3,16,10,10,1,0.6875,8,31
30,153,73,11416,17802,1,12,9,4,8,7,1,7,1.5,9,36
20,1097,98,2600,18275,2,15,1,2,1,0,0,0,15,0.5,46
30,109,60,2422,25725,1,17,4,3,3,2,1,2,5.66666666666667,4,36
26,1066,32,5472,3334,2,12,8,2,8,7,1,3,1.5,4,40
22,217,94,2451,6881,2,15,4,3,4,3,1,1,3.75,2,44
48,277,97,4240,13119,3,13,19,0,2,2,2,2,6.5,6.33333333333333,18
48,1355,78,10999,22245,8,14,27,3,15,11,4,8,0.933333333333333,3.375,18
41,549,42,5003,23371,7,14,8,6,2,2,2,1,7,1.14285714285714,25
39,466,65,12742,7060,2,16,21,3,21,6,11,8,0.761904761904762,10.5,27
27,1055,47,4227,4658,1,18,4,2,3,2,2,2,6,4,39
35,802,45,3917,9541,2,20,3,4,3,2,1,2,6.66666666666667,1.5,31
42,265,90,18303,7770,7,13,21,3,1,0,0,0,13,3,24
50,804,64,2380,20165,5,18,8,5,1,0,0,0,18,1.6,16
59,715,69,13726,21829,4,13,30,4,5,3,4,3,2.6,7.5,7
37,1141,61,4777,14382,6,15,15,2,1,0,0,0,15,2.5,29
55,135,62,6385,12992,4,14,17,3,8,7,6,7,1.75,4.25,11
41,247,55,19973,20284,2,22,21,3,21,16,5,10,1.04761904761905,10.5,25
38,1035,42,6861,4981,9,12,19,1,1,0,0,0,12,2.11111111111111,28
26,265,79,4969,21813,9,18,7,6,2,2,2,2,9,0.777777777777778,40
52,266,57,19845,25846,2,15,33,3,32,14,6,9,0.46875,16.5,14
44,1448,53,13320,11737,4,18,23,2,12,11,11,11,1.5,5.75,22
50,145,95,6347,24920,1,12,19,3,18,7,0,13,0.666666666666667,19,16
36,885,43,2743,8269,2,16,18,1,17,13,15,14,0.941176470588235,9,30
39,945,82,10880,5083,2,13,21,2,21,6,2,8,0.619047619047619,10.5,27
33,1038,88,2342,21437,1,19,3,2,2,2,2,2,9.5,3,33
45,1234,90,17650,5404,4,13,26,4,9,3,1,1,1.44444444444444,6.5,21
32,1109,69,4025,11135,10,12,10,2,8,7,7,7,1.5,1,34
34,216,75,9725,12278,1,11,16,2,15,1,0,9,0.733333333333333,16,32
59,1089,66,11904,11038,4,14,14,1,6,4,0,4,2.33333333333333,3.5,7
45,788,36,2177,8318,2,16,6,3,6,3,0,4,2.66666666666667,3,21
53,124,38,7525,23537,3,12,30,2,15,7,6,12,0.8,10,13
36,660,81,4834,7858,8,14,9,3,1,0,0,0,14,1.125,30
26,342,57,2042,15346,7,14,6,2,3,2,1,2,4.66666666666667,0.857142857142857,40
34,1333,87,2220,18410,2,19,1,2,1,1,0,0,19,0.5,32
28,1144,74,1052,23384,2,22,1,5,1,0,0,0,22,0.5,38
38,1186,44,2821,2997,4,16,8,2,2,2,2,2,8,2,28
50,1464,62,19237,12853,3,11,29,2,8,1,7,7,1.375,9.66666666666667,16
37,124,35,4107,13848,4,15,8,3,4,3,0,1,3.75,2,29
40,300,74,8396,22217,2,14,8,3,7,7,7,5,2,4,26
26,921,66,2007,25265,2,13,5,5,5,3,1,3,2.6,2.5,40
46,430,40,19627,21445,10,17,23,0,2,2,2,2,8.5,2.3,20
54,1082,41,10686,8392,7,11,13,4,9,4,7,0,1.22222222222222,1.85714285714286,12
56,1240,63,2942,12154,3,19,18,4,5,4,0,3,3.8,6,10
36,796,51,8858,15669,1,11,15,2,14,8,7,8,0.785714285714286,15,30
55,444,40,16756,17323,8,15,31,3,9,7,6,2,1.66666666666667,3.875,11
43,415,79,10798,5268,6,13,18,5,1,0,0,0,13,3,23
20,769,54,2323,17205,2,14,2,3,2,2,0,2,7,1,46
21,1334,36,1416,17258,2,13,1,6,1,0,1,0,13,0.5,45
46,1003,74,4615,21029,9,23,19,2,16,13,1,7,1.4375,2.11111111111111,20
51,1323,34,2461,10332,10,12,18,2,10,0,2,7,1.2,1.8,15
28,1366,72,8722,12355,2,12,10,2,10,7,1,9,1.2,5,38
26,192,59,3955,11141,2,16,6,2,5,3,1,3,3.2,3,40
30,1176,85,9957,9096,1,15,7,1,6,2,0,2,2.5,7,36
41,509,43,3376,18863,2,13,10,3,10,6,0,8,1.3,5,25
38,330,65,8823,24608,1,18,20,4,19,9,1,9,0.947368421052632,20,28
40,1492,61,10322,26542,5,20,14,6,11,10,11,1,1.81818181818182,2.8,26
27,1277,87,4621,5869,2,19,3,4,3,2,1,2,6.33333333333333,1.5,39
55,1091,65,10976,15813,4,18,23,4,3,2,1,2,6,5.75,11
28,857,59,3660,7909,4,13,10,4,8,7,1,7,1.625,2.5,38
44,1376,91,10482,2326,10,14,24,1,20,6,3,6,0.7,2.4,22
33,654,34,7119,21214,5,15,9,2,3,2,1,2,5,1.8,33
35,1204,86,9582,10333,1,22,9,2,8,7,4,7,2.75,9,31
33,827,54,4508,3129,2,22,14,4,13,7,3,8,1.69230769230769,7,33
28,895,50,2207,22482,2,16,4,5,4,2,2,2,4,2,38
34,618,45,7756,22266,1,17,7,1,6,2,0,4,2.83333333333333,7,32
37,309,88,6694,24223,3,14,8,5,1,0,0,0,14,2.66666666666667,29
25,1219,32,3691,4605,2,15,7,3,7,7,5,6,2.14285714285714,3.5,41
26,1330,37,2377,19373,2,20,1,0,1,1,0,0,20,0.5,40
33,1017,55,2313,2993,5,20,5,0,2,2,2,2,10,1,33
42,469,35,17665,14399,1,17,23,3,22,6,13,7,0.772727272727273,23,24
28,1009,45,2596,7160,2,15,1,2,1,0,0,0,15,0.5,38
50,959,81,4728,17251,4,14,5,4,0,0,0,0,28,1.25,16
33,970,30,4302,13401,1,17,4,3,3,2,0,2,5.66666666666667,4,33
34,697,40,2979,22478,4,17,6,2,0,0,0,0,34,1.5,32
48,1262,35,16885,16154,3,22,27,3,5,4,2,1,4.4,9,18
45,1050,65,5593,17970,2,13,15,2,15,10,4,12,0.866666666666667,7.5,21
52,994,87,10445,15322,8,19,18,4,8,6,4,0,2.375,2.25,14
38,770,73,8740,5569,1,14,9,2,8,7,2,7,1.75,9,28
29,1107,93,2514,26968,5,22,11,1,7,5,1,7,3.14285714285714,2.2,37
28,950,93,7655,8039,1,17,10,3,9,7,1,7,1.88888888888889,10,38
46,406,52,17465,15596,4,12,23,3,12,9,4,9,1,5.75,20
38,130,32,7351,20619,8,16,10,2,1,0,0,0,16,1.25,28
43,1082,83,10820,11535,9,11,18,1,8,7,0,1,1.375,2,23
39,203,84,12169,13547,8,11,21,4,18,7,11,5,0.611111111111111,2.625,27
40,1308,44,19626,17544,2,14,21,2,20,7,4,9,0.7,10.5,26
21,984,70,2070,25326,2,11,2,6,2,2,2,2,5.5,1,45
39,439,70,6782,8770,10,15,9,2,5,4,0,3,3,0.9,27
36,217,78,7779,23238,3,20,18,0,11,9,0,9,1.81818181818182,6,30
31,793,67,2791,21981,1,12,3,4,2,2,2,2,6,3,35
28,1451,67,3201,19911,1,17,6,2,5,3,0,4,3.4,6,38
35,1182,54,4968,18500,2,11,5,3,5,2,0,2,2.2,2.5,31
49,174,56,13120,11879,7,17,22,3,9,8,2,3,1.88888888888889,3.14285714285714,17
34,1003,95,4033,15834,3,11,5,3,3,2,0,2,3.66666666666667,1.66666666666667,32
29,490,61,3291,17940,1,14,8,2,7,5,1,1,2,8,37
42,188,56,4272,9558,5,19,16,3,1,0,0,0,19,3.2,24
29,718,79,5056,17689,2,15,10,2,10,7,1,2,1.5,5,37
38,433,37,2844,6004,2,13,7,2,7,6,5,0,1.85714285714286,3.5,28
28,773,39,2703,22088,2,14,3,2,3,1,0,2,4.66666666666667,1.5,38
18,247,80,1904,13556,2,12,0,0,0,0,0,0,24,0.25,48
33,603,77,8224,18385,1,17,6,3,5,2,0,3,3.4,6,33
41,167,46,4766,9051,4,11,6,4,1,0,0,0,11,1.5,25
31,874,72,2610,6233,2,12,2,5,2,2,2,2,6,1,35
37,367,52,5731,17171,8,13,9,2,6,2,1,3,2.16666666666667,1.125,29
27,199,55,2539,7950,2,13,4,0,4,2,2,2,3.25,2,39
34,1400,70,5714,5829,2,20,6,3,6,5,1,3,3.33333333333333,3,32
35,528,100,4323,7108,2,17,6,2,5,4,1,4,3.4,3,31
29,408,45,7336,11162,2,13,11,3,11,8,3,10,1.18181818181818,5.5,37
40,593,88,13499,13782,10,17,20,3,18,7,2,13,0.944444444444444,2,26
42,481,44,13758,2447,1,12,22,2,21,9,13,14,0.571428571428571,22,24
42,647,45,5155,2253,8,13,9,3,6,4,1,5,2.16666666666667,1.125,24
35,982,58,2258,16340,7,12,10,2,8,0,1,7,1.5,1.42857142857143,31
24,477,49,3597,6409,9,22,6,2,4,3,1,2,5.5,0.666666666666667,42
28,1485,79,2515,22955,2,11,1,4,1,1,0,0,11,0.5,38
26,1384,82,4420,13421,2,22,8,2,8,7,0,7,2.75,4,40
30,852,72,6578,2706,2,18,10,3,10,3,1,4,1.8,5,36
40,902,92,4422,21203,4,13,16,3,1,1,0,0,13,4,26
35,819,44,10274,19588,3,18,15,2,7,7,6,4,2.57142857142857,5,31
34,669,97,5343,25755,1,20,14,3,13,9,4,9,1.53846153846154,14,32
35,636,47,2376,26537,2,13,2,2,2,2,2,2,6.5,1,31
43,1372,85,5346,9489,9,13,7,2,4,3,1,3,3.25,0.777777777777778,23
32,862,76,2827,14947,2,12,1,3,1,0,0,0,12,0.5,34
56,718,92,19943,18575,5,13,28,2,5,2,4,2,2.6,5.6,10
29,1401,54,3131,26342,2,13,10,5,10,8,0,8,1.3,5,37
19,645,54,2552,7172,2,25,1,4,1,1,0,0,25,0.5,47
45,1457,83,4477,20100,5,19,7,2,3,2,0,2,6.33333333333333,1.4,21
37,977,56,6474,9961,2,13,14,2,14,8,3,11,0.928571428571429,7,29
20,805,87,3033,12828,2,12,2,2,2,2,1,2,6,1,46
44,1097,96,2936,10826,2,11,6,4,6,4,0,2,1.83333333333333,3,22
53,1223,50,18606,18640,4,18,26,6,7,7,4,7,2.57142857142857,6.5,13
29,942,69,2168,26933,1,18,6,2,5,4,1,3,3.6,6,37
22,1256,48,2853,4223,1,11,1,5,0,0,0,0,22,1,44
46,1402,69,17048,24097,9,23,28,2,26,15,15,9,0.884615384615385,3.11111111111111,20
44,111,74,2290,4279,3,13,6,3,0,0,0,0,26,2,22
33,147,99,3600,8429,2,13,5,2,5,4,1,4,2.6,2.5,33
41,906,95,2107,20293,7,17,5,2,1,0,0,0,17,0.714285714285714,25
30,1329,61,4115,13192,9,19,8,3,4,3,0,3,4.75,0.888888888888889,36
40,1184,62,4327,25440,6,12,5,2,0,0,0,0,24,0.833333333333333,26
50,1421,30,17856,9490,3,22,32,3,2,2,2,2,11,10.6666666666667,16
28,1179,78,3196,12449,2,12,6,2,6,5,3,3,2,3,38
46,1450,52,19081,10849,6,11,25,2,4,2,0,3,2.75,4.16666666666667,20
35,1361,94,8966,21026,4,15,15,2,7,7,1,7,2.14285714285714,3.75,31
24,984,97,2210,3372,2,13,1,3,1,0,0,0,13,0.5,42
33,1146,82,4539,4905,2,12,10,3,10,7,0,1,1.2,5,33
36,917,60,2741,6865,2,14,7,4,7,7,1,7,2,3.5,30
30,853,49,3491,11309,2,13,10,4,10,7,8,9,1.3,5,36
44,200,32,4541,7744,2,25,20,3,20,11,13,17,1.25,10,22
20,654,43,2678,5050,2,17,2,2,2,1,2,2,8.5,1,46
46,150,60,7379,17433,3,11,12,3,6,3,1,4,1.83333333333333,4,20
42,179,79,6272,12858,8,16,10,3,4,3,0,3,4,1.25,24
60,696,52,5220,10893,1,18,12,3,11,7,1,9,1.63636363636364,12,6
32,116,77,2743,7331,2,20,2,2,2,2,2,2,10,1,34
32,1316,38,4998,2338,5,14,10,2,8,7,0,7,1.75,2,34
36,363,77,10252,4235,3,21,17,2,7,7,7,7,3,5.66666666666667,30
33,117,60,2781,6311,1,13,15,5,14,10,4,10,0.928571428571429,15,33
40,107,84,6852,11591,8,12,7,2,5,1,1,3,2.4,0.875,26
25,1356,57,4950,20623,1,14,5,4,4,3,1,1,3.5,5,41
30,1465,63,3579,9369,1,21,12,2,11,9,5,7,1.90909090909091,12,36
42,458,60,13191,23281,4,17,20,6,1,0,0,0,17,5,24
35,1212,78,10377,13755,5,11,16,6,13,2,4,12,0.846153846153846,3.2,31
27,1103,42,2235,14377,2,14,9,3,9,7,6,8,1.55555555555556,4.5,39
54,966,53,10502,9659,8,17,33,2,5,4,1,4,3.4,4.125,12
44,1117,72,2011,19982,2,13,10,5,10,5,7,7,1.3,5,22
19,504,96,1859,6148,2,25,1,2,1,1,0,0,25,0.5,47
29,1010,97,3760,5598,2,15,3,5,3,2,1,2,5,1.5,37
54,685,85,17779,23474,4,14,36,2,10,9,0,9,1.4,9,12
31,1332,80,6833,17089,2,12,6,2,6,5,0,1,2,3,35
31,1062,96,6812,17198,2,19,10,2,10,9,1,8,1.9,5,35
59,326,48,5171,16490,6,17,13,2,6,1,0,5,2.83333333333333,2.16666666666667,7
43,920,96,19740,18625,4,14,25,2,8,7,0,7,1.75,6.25,23
49,1098,85,18711,12124,3,13,23,2,1,0,0,0,13,7.66666666666667,17
36,469,46,3692,9256,2,12,12,2,11,10,0,7,1.09090909090909,6,30
48,969,76,2559,16620,6,11,7,4,1,0,0,0,11,1.16666666666667,18
27,1167,76,2517,3208,2,11,5,2,5,3,0,3,2.2,2.5,39
29,1329,82,6623,4204,2,11,6,2,6,0,1,0,1.83333333333333,3,37
48,715,76,18265,8733,7,12,25,3,1,0,0,0,12,3.57142857142857,18
29,694,87,16124,3423,4,14,9,2,7,7,1,7,2,2.25,37
34,1320,89,2585,21643,1,17,2,5,1,0,0,0,17,2,32
44,1099,88,18213,8751,8,11,26,5,22,9,3,10,0.5,3.25,22
33,536,82,8380,21708,1,14,10,3,9,8,0,8,1.55555555555556,10,33
19,265,57,2994,21221,2,12,1,2,1,0,0,1,12,0.5,47
23,373,47,1223,16901,2,22,1,2,1,0,0,1,22,0.5,43
25,599,73,1118,8040,2,14,1,4,1,0,1,0,14,0.5,41
26,583,53,2875,9973,2,20,8,2,8,5,2,2,2.5,4,40
45,1449,94,18824,2493,3,16,26,2,24,10,1,11,0.666666666666667,8.66666666666667,21
55,177,37,13577,25592,2,15,34,3,33,9,15,0,0.454545454545455,17,11
21,251,45,2625,25308,2,20,2,2,2,2,2,2,10,1,45
46,168,33,18789,9946,3,14,26,2,11,4,0,8,1.27272727272727,8.66666666666667,20
34,131,86,4538,6039,1,12,4,3,3,2,0,2,4,4,32
51,237,83,19847,19196,5,24,31,5,29,10,11,10,0.827586206896552,6.2,15
59,1429,67,10512,20002,7,12,25,6,9,7,5,4,1.33333333333333,3.57142857142857,7
34,135,46,4444,22534,5,13,15,2,11,8,5,10,1.18181818181818,3,32
28,791,44,2154,6842,1,11,5,2,4,2,0,2,2.75,5,38
44,1199,92,19190,17477,2,14,26,4,25,9,14,13,0.56,13,22
34,648,56,4490,21833,5,11,14,5,10,9,1,8,1.1,2.8,32
35,735,66,3506,6020,1,14,4,3,3,2,2,2,4.66666666666667,4,31
42,603,78,2372,5628,7,16,18,2,1,0,0,0,16,2.57142857142857,24
43,531,56,10231,20364,4,14,23,3,21,7,15,17,0.666666666666667,5.75,23
36,429,53,5410,2323,10,11,18,2,16,14,5,12,0.6875,1.8,30
44,621,73,7978,14075,2,11,10,2,10,7,0,5,1.1,5,22
28,193,52,3867,14222,2,12,2,2,2,2,2,2,6,1,38
51,968,40,2838,4257,1,14,8,6,7,0,7,7,2,8,15
30,879,72,4695,12858,8,18,10,3,8,4,1,7,2.25,1.25,36
29,806,39,3339,17285,4,13,10,2,7,7,7,7,1.85714285714286,2.5,37
28,640,84,2080,4732,3,11,5,2,3,2,1,2,3.66666666666667,1.66666666666667,38
25,266,40,2096,18830,2,18,2,3,2,2,2,1,9,1,41
32,604,56,6209,11693,2,15,10,4,10,7,0,8,1.5,5,34
45,364,83,18061,13035,4,22,22,4,0,0,0,0,44,5.5,21
39,412,94,17123,17334,7,13,21,4,19,9,15,2,0.684210526315789,3,27
58,848,88,2372,26076,2,12,2,3,2,2,2,2,6,1,8
32,1089,79,4883,22845,2,18,10,3,10,4,1,1,1.8,5,34
39,360,93,3904,22154,1,13,6,2,5,2,0,3,2.6,6,27
30,1138,48,4627,23631,1,12,10,6,9,2,6,7,1.33333333333333,10,36
36,325,63,7094,5747,4,12,10,0,7,7,1,7,1.71428571428571,2.5,30
46,991,44,3423,22957,7,12,10,3,7,6,5,7,1.71428571428571,1.42857142857143,20
28,1476,55,6674,16392,1,11,10,6,9,8,7,5,1.22222222222222,10,38
50,1322,43,16880,22422,5,11,25,2,3,2,1,2,3.66666666666667,5,16
40,299,57,9094,17235,3,12,9,2,5,4,1,0,2.4,3,26
52,1030,64,8446,21534,10,19,10,2,8,7,7,7,2.375,1,14
30,634,95,11916,25927,2,23,9,2,9,1,0,8,2.55555555555556,4.5,36
39,524,32,4534,13352,1,11,9,6,8,7,1,7,1.375,9,27
31,587,57,9852,8935,2,19,10,5,10,8,9,6,1.9,5,35
41,256,40,6151,22074,2,13,19,4,19,2,11,9,0.684210526315789,9.5,25
31,1060,54,2302,8319,2,11,3,2,3,2,2,2,3.66666666666667,1.5,35
44,935,89,2362,14669,5,12,10,4,3,2,1,2,4,2,22
42,495,37,17861,26582,1,13,21,3,20,8,2,10,0.65,21,24
55,282,58,19187,6992,5,14,23,5,19,9,9,11,0.736842105263158,4.6,11
56,206,99,19717,4022,7,14,36,4,7,3,7,7,2,5.14285714285714,10
40,458,74,3544,8532,10,16,6,0,4,2,0,0,4,0.6,26
34,943,86,8500,5494,1,11,10,0,9,7,1,6,1.22222222222222,10,32
40,523,98,4661,22455,2,13,9,4,9,8,8,8,1.44444444444444,4.5,26
41,1018,66,4103,4297,1,17,10,2,9,3,1,7,1.88888888888889,10,25
35,482,87,4249,2690,2,11,9,3,9,6,1,1,1.22222222222222,4.5,31
51,770,84,14026,17588,2,11,33,2,33,9,0,10,0.333333333333333,16.5,15
38,1009,31,6893,19461,4,15,11,3,7,7,1,7,2.14285714285714,2.75,28
34,507,66,6125,23553,2,12,10,6,10,8,9,6,1.2,5,32
25,882,67,3669,9075,4,11,7,6,3,2,1,2,3.66666666666667,1.75,41
58,601,53,10008,12023,8,14,31,0,10,9,5,9,1.4,3.875,8
40,329,88,2387,6762,4,22,7,3,4,2,0,3,5.5,1.75,26
36,607,83,4639,2261,3,16,17,2,15,7,6,13,1.06666666666667,5.66666666666667,30
48,855,54,7898,18706,2,11,11,2,10,9,0,8,1.1,5.5,18
27,1291,98,2534,6527,9,14,5,4,1,0,0,0,14,0.555555555555556,39
51,1405,82,13142,24439,4,16,29,1,5,2,0,3,3.2,7.25,15
18,1124,97,1611,19305,2,15,0,5,0,0,0,0,30,0.25,48
35,817,60,5363,10846,1,12,10,0,9,7,0,0,1.33333333333333,10,31
27,793,43,5071,20392,4,20,8,3,6,2,0,0,3.33333333333333,2,39
55,267,85,13695,9277,7,17,24,2,19,7,3,8,0.894736842105263,3.42857142857143,11
56,1369,68,13402,18235,5,12,33,0,19,16,15,9,0.631578947368421,6.6,10
34,999,92,2029,15891,2,20,5,2,5,4,0,0,4,2.5,32
40,1202,89,6377,13888,6,20,15,0,12,11,11,8,1.66666666666667,2.5,26
34,285,86,5429,17491,5,13,10,1,8,7,7,7,1.625,2,32
31,703,90,2785,11882,8,14,3,3,1,0,0,0,14,0.375,35
35,662,67,4614,23288,1,18,5,0,4,2,3,2,4.5,5,31
38,693,57,2610,15748,2,11,4,2,4,2,0,3,2.75,2,28
34,404,98,6687,6163,2,11,14,2,14,11,4,11,0.785714285714286,7,32
28,736,48,4724,24232,2,11,5,0,5,3,0,4,2.2,2.5,38
31,330,98,6179,21057,2,15,10,3,10,2,6,7,1.5,5,35
39,1498,44,6120,3567,4,12,8,2,5,4,1,4,2.4,2,27
51,541,52,10596,15395,3,11,14,5,4,2,3,2,2.75,4.66666666666667,15
41,1200,75,5467,13953,4,14,12,4,6,2,3,3,2.33333333333333,3,25
37,1439,54,2996,5182,8,15,8,2,6,4,1,3,2.5,1,29
33,1111,61,9998,19293,7,13,8,2,5,4,1,2,2.6,1.14285714285714,33
32,499,36,4078,20497,1,13,4,3,3,2,1,2,4.33333333333333,4,34
39,1485,71,10920,3449,4,21,13,2,6,4,0,5,3.5,3.25,27
25,1372,93,6232,12477,3,11,6,3,3,2,1,2,3.66666666666667,2,41
52,322,59,13247,9731,3,11,24,3,5,3,0,2,2.2,8,14
43,930,73,4081,20003,2,14,20,3,20,7,1,8,0.7,10,23
27,205,98,5769,7100,2,11,6,3,6,2,4,4,1.83333333333333,3,39
27,135,51,2394,25681,2,13,8,2,8,2,7,7,1.625,4,39
26,683,36,3904,4050,1,12,5,2,4,3,1,1,3,5,40
42,1147,31,16799,16616,1,14,21,5,20,7,0,9,0.7,21,24
52,258,54,2950,17363,10,13,12,2,5,4,0,4,2.6,1.2,14
37,1462,94,3629,19106,5,18,8,6,3,2,0,2,6,1.6,29
35,200,60,9362,19944,3,11,10,2,2,2,2,2,5.5,3.33333333333333,31
25,949,81,3229,4910,5,11,7,2,3,2,0,2,3.66666666666667,1.4,41
26,652,100,3578,23577,1,12,8,2,7,7,0,7,1.71428571428571,8,40
29,332,51,7988,9769,2,13,10,3,10,9,0,9,1.3,5,37
49,1475,97,4284,22710,4,20,20,2,4,3,1,3,5,5,17
29,337,84,7553,22930,1,12,9,1,8,7,7,7,1.5,9,37
54,971,54,17328,5652,7,19,29,3,20,7,12,7,0.95,4.14285714285714,12
58,1055,76,19701,22456,4,21,32,3,9,8,1,5,2.33333333333333,8,8
55,1136,81,14732,12414,3,13,31,4,7,7,0,0,1.85714285714286,10.3333333333333,11
36,1174,99,9278,20763,4,16,15,3,5,4,0,1,3.2,3.75,30
31,667,50,1359,16154,2,12,1,3,1,0,0,0,12,0.5,35
30,855,73,4779,12761,8,14,8,3,3,2,0,2,4.66666666666667,1,36
31,182,93,16422,8847,4,11,9,3,3,2,1,0,3.66666666666667,2.25,35
34,560,91,2996,20284,6,14,10,2,4,3,1,3,3.5,1.66666666666667,32
31,202,34,1261,22262,2,12,1,3,1,0,0,0,12,0.5,35
27,1377,91,2099,7679,1,14,6,3,5,0,1,4,2.8,6,39
36,172,37,5810,22604,2,16,10,2,10,4,1,8,1.6,5,30
36,329,98,5647,13494,5,13,11,3,3,2,0,2,4.33333333333333,2.2,30
47,465,74,3420,10205,8,12,17,2,6,5,1,2,2,2.125,19
25,383,68,4400,15182,4,12,6,2,3,2,2,2,4,1.5,41
37,1413,84,3500,25470,1,14,7,2,6,5,1,3,2.33333333333333,7,29
56,1255,90,2066,10494,3,22,5,3,3,2,1,0,7.33333333333333,1.66666666666667,10
47,359,82,17169,26703,4,19,26,2,20,17,5,6,0.95,6.5,19
24,1476,42,4162,15211,2,12,5,3,5,4,0,3,2.4,2.5,42
32,601,97,9204,23343,5,12,7,3,4,3,0,3,3,1.4,34
34,401,86,3294,3708,6,17,7,2,5,4,0,2,3.4,1.16666666666667,32
41,1283,90,2127,5561,3,12,7,5,4,2,0,3,3,2.33333333333333,25
40,663,81,3975,23099,4,11,11,2,8,7,0,7,1.375,2.75,26
31,326,31,10793,8386,2,18,13,5,13,7,9,9,1.38461538461538,6.5,35
46,377,52,10096,15986,5,11,28,1,7,7,4,3,1.57142857142857,5.6,20
39,592,54,3646,17181,3,23,11,2,1,0,0,0,23,3.66666666666667,27
31,1445,100,7446,8931,2,11,10,2,10,8,4,7,1.1,5,35
45,1038,95,10851,19863,3,18,24,2,7,7,0,7,2.57142857142857,8,21
31,1398,96,2109,24609,10,18,8,3,3,2,0,2,6,0.8,35
31,523,94,3722,21081,7,13,7,2,2,2,2,2,6.5,1,35
45,1448,55,9380,14720,5,18,10,4,3,1,1,2,6,2,21
48,1221,96,5486,24795,5,11,15,3,2,2,2,2,5.5,3,18
34,1107,52,2742,3072,2,15,2,0,2,2,2,2,7.5,1,32
40,218,55,13757,25178,3,11,16,5,9,8,4,8,1.22222222222222,5.33333333333333,26
28,866,84,8463,23490,1,18,6,4,5,4,1,3,3.6,6,38
44,981,90,3162,7973,4,14,7,5,5,2,0,3,2.8,1.75,22
53,447,39,16598,19764,5,12,35,2,9,8,8,8,1.33333333333333,7,13
49,1495,96,6651,21534,3,14,20,0,3,2,1,2,4.66666666666667,6.66666666666667,17
40,896,68,2345,8045,3,14,8,3,3,1,1,2,4.66666666666667,2.66666666666667,26
44,1467,49,3420,21158,2,13,6,3,5,2,1,3,2.6,3,22
33,430,54,4373,17456,1,14,5,2,4,3,0,3,3.5,5,33
34,1326,81,4759,15891,4,18,15,2,13,9,3,12,1.38461538461538,3.75,32
30,1358,96,5301,2939,9,15,4,2,2,1,2,2,7.5,0.444444444444444,36
42,748,74,3673,16458,2,13,12,3,12,9,5,8,1.08333333333333,6,24
44,383,79,4768,9282,8,12,11,4,1,0,0,0,12,1.375,22
30,990,64,1274,7152,2,13,1,2,1,0,0,0,13,0.5,36
57,405,93,4900,2721,1,24,13,2,12,9,2,8,2,13,9
49,1490,35,10466,20948,4,14,29,3,8,7,0,7,1.75,7.25,17
34,829,71,17007,11929,8,14,16,3,14,8,6,9,1,2,32
28,1496,92,2909,15747,4,15,5,3,3,2,1,2,5,1.25,38
29,115,51,5765,17485,6,11,7,4,5,3,0,0,2.2,1.16666666666667,37
34,790,40,4599,7815,1,23,16,2,15,9,10,10,1.53333333333333,16,32
35,660,76,2404,16192,2,13,1,3,1,0,0,0,13,0.5,31
24,381,89,3172,16998,3,11,4,2,0,0,0,0,22,1.33333333333333,42
24,830,78,2033,7103,2,13,1,2,1,0,0,0,13,0.5,42
44,1193,86,10209,19719,6,18,16,2,2,2,2,2,9,2.66666666666667,22
29,1246,77,8620,23757,2,14,10,3,10,7,0,4,1.4,5,37
30,330,46,2064,15428,1,21,6,3,5,3,1,3,4.2,6,36
55,1229,30,4035,16143,1,16,4,2,3,2,1,2,5.33333333333333,4,11
33,1099,82,3838,8192,9,11,8,5,5,4,0,2,2.2,0.888888888888889,33
47,571,78,4591,24200,4,17,11,4,5,4,1,2,3.4,2.75,19
28,289,38,2561,5355,8,11,8,2,0,0,0,0,22,1,38
28,1423,72,1563,12530,2,14,1,2,1,0,0,0,14,0.5,38
28,467,55,4898,11827,1,14,5,5,4,2,1,3,3.5,5,38
49,271,43,4789,23070,5,25,10,3,3,2,1,2,8.33333333333333,2,17
29,410,97,3180,4668,1,13,4,3,3,2,0,2,4.33333333333333,4,37
28,1083,96,6549,3173,2,14,8,2,8,6,1,7,1.75,4,38
33,516,69,6388,22049,3,17,14,6,0,0,0,0,34,4.66666666666667,33
32,495,64,11244,21072,3,25,10,5,5,2,0,0,5,3.33333333333333,34
54,1050,87,16032,24456,4,20,26,2,14,9,1,12,1.42857142857143,6.5,12
29,224,100,2362,7568,7,13,11,2,9,7,0,7,1.44444444444444,1.57142857142857,37
44,136,32,16328,22074,4,13,24,1,20,6,14,17,0.65,6,22
39,1089,32,8376,9150,5,18,9,3,2,0,2,2,9,1.8,27
46,228,51,16606,11380,9,12,23,2,13,12,5,1,0.923076923076923,2.55555555555556,20
35,1029,91,8606,21195,2,19,11,3,11,8,3,3,1.72727272727273,5.5,31
23,507,97,2272,24812,1,14,5,2,4,3,1,2,3.5,5,43
40,676,86,2018,21831,4,14,15,3,5,4,1,0,2.8,3.75,26
34,971,64,7083,12288,2,14,10,3,10,9,8,6,1.4,5,32
31,561,33,4084,4156,2,12,7,2,7,2,7,7,1.71428571428571,3.5,35
50,333,88,14411,24450,2,13,32,2,32,6,13,9,0.40625,16,16
34,1440,55,2308,4944,1,25,12,4,11,10,5,7,2.27272727272727,12,32
42,1210,68,4841,24052,5,14,4,3,1,0,0,0,14,0.8,24
37,674,47,4285,3031,2,17,10,2,10,8,3,7,1.7,5,29
29,441,39,9715,7288,4,13,9,3,7,7,0,7,1.85714285714286,2.25,37
33,575,44,4320,24152,2,13,5,2,5,3,0,2,2.6,2.5,33
45,950,97,2132,4585,5,20,8,3,5,4,0,3,4,1.6,21
42,288,40,10124,18611,3,14,24,3,20,8,13,9,0.7,8,24
40,1342,47,5473,19345,1,12,9,5,8,4,7,1,1.5,9,26
33,589,79,5207,22949,2,12,15,3,15,14,5,7,0.8,7.5,33
40,898,38,16437,17381,2,21,21,2,21,7,7,7,1,10.5,26
24,350,57,2296,10036,1,14,2,3,1,1,0,0,14,2,42
40,1142,72,4069,8841,4,18,8,2,2,2,2,2,9,2,26
45,538,66,7441,20933,2,12,10,4,10,8,7,7,1.2,5,21
35,1402,98,2430,26204,1,23,6,5,5,3,4,2,4.6,6,31
32,824,67,5878,15624,4,12,12,2,7,1,2,5,1.71428571428571,3,34
36,1157,70,2644,17001,4,21,7,3,3,2,1,2,7,1.75,30
48,492,96,6439,13693,9,14,18,2,8,7,7,7,1.75,2,18
29,598,91,2451,22376,7,18,5,2,1,0,0,0,18,0.714285714285714,37
33,1242,46,6392,10589,3,13,8,6,2,2,2,2,6.5,2.66666666666667,33
30,740,64,9714,5323,2,11,10,4,10,8,6,7,1.1,5,36
38,888,71,6077,14814,4,11,10,2,6,3,1,2,1.83333333333333,2.5,28
35,992,68,2450,21731,2,19,3,3,3,0,1,2,6.33333333333333,1.5,31
30,1288,33,9250,17799,4,12,9,3,4,2,1,3,3,2.25,36
35,104,69,2074,26619,2,12,1,2,1,0,0,0,12,0.5,31
53,607,78,10169,14618,1,16,34,4,33,7,1,9,0.484848484848485,34,13
38,903,81,4855,7653,5,11,7,2,5,2,1,4,2.2,1.4,28
32,1200,62,4087,25174,5,14,9,3,6,5,1,2,2.33333333333333,1.8,34
48,1108,65,2367,16530,9,12,10,3,8,2,7,6,1.5,1.11111111111111,18
34,479,35,2972,22061,2,13,1,4,1,0,0,0,13,0.5,32
55,685,60,19586,23037,2,21,36,3,36,6,2,13,0.583333333333333,18,11
34,1351,45,5484,13008,10,17,9,3,2,2,2,1,8.5,0.9,32
26,474,89,2061,11133,2,21,1,5,1,0,0,0,21,0.5,40
38,1245,80,9924,12355,1,11,10,3,9,8,7,7,1.22222222222222,10,28
38,437,90,4198,16379,3,12,8,5,3,2,1,2,4,2.66666666666667,28
36,884,73,6815,21447,7,13,15,5,1,0,0,0,13,2.14285714285714,30
29,1370,87,4723,16213,2,18,10,3,10,9,1,5,1.8,5,37
35,670,51,6142,4223,4,16,10,4,5,2,0,4,3.2,2.5,31
39,1462,38,8237,4658,3,11,11,3,7,6,7,6,1.57142857142857,3.66666666666667,27
29,995,87,8853,24483,2,19,6,0,6,4,1,3,3.16666666666667,3,37
50,264,59,19331,19519,5,16,27,2,1,0,0,0,16,5.4,16
23,977,45,2073,12826,3,16,4,2,2,2,2,2,8,1.33333333333333,43
36,1302,80,5562,19711,4,13,9,3,3,2,0,2,4.33333333333333,2.25,30
42,1059,93,19613,26362,9,22,24,2,1,0,0,1,22,2.66666666666667,24
35,750,46,3407,25348,2,17,10,3,10,9,6,8,1.7,5,31
34,653,92,5063,15332,2,14,8,3,8,2,7,7,1.75,4,32
40,118,84,4639,11262,2,15,5,2,5,4,1,2,3,2.5,26
43,990,87,4876,5855,6,12,8,0,6,4,0,2,2,1.33333333333333,23
35,1349,63,2690,7713,2,18,1,5,1,0,0,1,18,0.5,31
46,563,56,17567,3156,2,15,27,5,26,0,0,12,0.576923076923077,13.5,20
28,329,51,2408,7324,2,17,1,3,1,1,0,0,17,0.5,38
22,457,85,2814,10293,2,14,4,2,4,2,1,3,3.5,2,44
50,1234,41,11245,20689,3,15,32,3,30,8,12,13,0.5,10.6666666666667,16
32,634,35,3312,18783,4,17,6,3,3,2,0,2,5.66666666666667,1.5,34
44,1313,31,19049,3549,1,14,23,4,22,7,1,10,0.636363636363636,23,22
30,241,48,2141,5348,2,12,6,3,6,4,1,1,2,3,36
45,1015,50,5769,23447,2,14,10,3,10,7,1,4,1.4,5,21
45,336,52,4385,24162,2,15,10,2,10,7,4,5,1.5,5,21
31,715,54,5332,21602,8,13,10,3,5,2,0,3,2.6,1.25,35
36,559,76,4663,12421,10,12,7,2,3,2,1,1,4,0.7,30
34,426,42,4724,17000,2,13,9,3,9,7,7,2,1.44444444444444,4.5,32
49,722,84,3211,22102,2,14,10,3,9,6,1,4,1.55555555555556,5,17
39,1387,76,5377,3835,3,13,10,3,7,7,7,7,1.85714285714286,3.33333333333333,27
27,1302,67,4066,16290,2,11,7,3,7,7,0,7,1.57142857142857,3.5,39
35,819,48,5208,26312,2,11,16,2,16,15,1,10,0.6875,8,31
28,580,39,4877,20460,1,21,6,5,5,3,0,0,4.2,6,38
21,546,97,3117,26009,2,18,3,2,2,2,2,2,9,1.5,45
18,544,70,1569,18420,2,12,0,2,0,0,0,0,24,0.25,48
47,1176,98,19658,5220,4,11,27,2,5,2,1,0,2.2,6.75,19
39,170,76,3069,10302,1,15,11,3,10,8,0,7,1.5,11,27
40,884,80,10435,25800,2,13,18,2,18,15,14,12,0.722222222222222,9,26
35,208,52,4148,12250,2,12,15,5,14,11,2,9,0.857142857142857,7.5,31
37,671,85,5768,26493,4,17,9,2,4,3,0,2,4.25,2.25,29
39,711,81,5042,3140,1,13,10,2,9,2,3,8,1.44444444444444,10,27
45,1329,59,5770,5388,2,19,10,3,10,7,3,9,1.9,5,21
38,397,54,7756,14199,4,19,10,6,5,4,0,2,3.8,2.5,28
35,737,55,10306,21530,10,17,15,3,13,12,6,0,1.30769230769231,1.5,31
37,1470,71,3936,9953,2,11,8,2,8,4,7,7,1.375,4,29
40,448,84,7945,19948,7,15,18,2,4,2,3,3,3.75,2.57142857142857,26
44,602,37,5743,10503,5,11,14,3,10,7,0,2,1.1,2.8,22
48,365,89,15202,5602,3,25,23,3,2,2,2,2,12.5,7.66666666666667,18
35,763,59,5440,22098,7,14,7,2,2,2,2,2,7,1,31
24,567,32,3760,17218,2,13,6,2,6,3,1,3,2.16666666666667,3,42
27,486,86,3517,22490,8,17,5,0,3,2,0,2,5.66666666666667,0.625,39
27,591,87,2580,6297,3,13,6,0,4,2,1,2,3.25,2,39
40,1329,73,2166,3339,4,14,10,3,4,2,0,3,3.5,2.5,26
29,469,42,5869,23413,10,11,8,2,5,2,1,4,2.2,0.8,37
36,711,42,8008,22792,5,12,9,6,3,2,0,2,4,1.8,30
25,772,77,5206,4973,2,17,7,6,7,7,0,7,2.42857142857143,3.5,41
39,492,66,5295,7693,5,21,7,3,5,4,1,0,4.2,1.4,27
49,301,72,16413,3498,4,16,27,2,4,2,1,2,4,6.75,17
50,813,50,13269,21981,6,15,19,3,14,11,1,11,1.07142857142857,3.16666666666667,16
20,1141,31,2783,13251,2,19,2,3,2,2,2,2,9.5,1,46
34,1130,66,5433,19332,2,12,11,2,11,8,7,9,1.09090909090909,5.5,32
36,311,77,2013,10950,3,11,15,4,4,3,1,3,2.75,5,30
49,465,41,13966,11652,3,19,30,3,15,11,2,12,1.26666666666667,10,17
36,894,33,4374,15411,1,15,4,6,3,2,1,2,5,4,30
36,1040,79,6842,26308,7,20,13,3,5,4,0,4,4,1.85714285714286,30
54,584,91,17426,18685,4,25,36,6,10,8,4,7,2.5,9,12
43,1291,65,17603,3525,2,24,14,3,14,10,6,11,1.71428571428571,7,23
35,880,36,4581,10414,4,24,13,2,11,9,6,7,2.18181818181818,3.25,31
38,1189,90,4735,9867,8,15,19,4,13,11,2,9,1.15384615384615,2.375,28
29,991,43,4187,3356,2,13,10,3,10,0,0,9,1.3,5,37
33,392,93,5505,3921,2,14,6,5,6,2,0,4,2.33333333333333,3,33
32,977,45,5470,25518,1,13,10,4,9,5,1,6,1.44444444444444,10,34
31,1112,67,5476,22589,2,11,10,2,10,0,0,2,1.1,5,35
49,464,74,2587,24941,5,16,17,2,2,2,2,2,8,3.4,17
38,148,42,2440,23826,2,22,4,3,4,3,3,3,5.5,2,28
47,1225,47,15972,21086,7,14,29,2,3,2,1,2,4.66666666666667,4.14285714285714,19
49,809,36,15379,22384,5,14,23,2,8,7,0,0,1.75,4.6,17
41,1206,80,7082,11591,4,16,21,2,2,0,0,2,8,5.25,25
20,727,54,2728,21082,2,11,2,3,2,2,0,2,5.5,1,46
33,530,36,5368,16130,2,25,7,2,6,5,1,2,4.16666666666667,3.5,33
36,1351,80,5347,7419,7,14,10,2,3,2,0,2,4.66666666666667,1.42857142857143,30
44,528,44,3195,4167,5,18,8,2,2,2,2,2,9,1.6,22
23,1320,93,3989,20586,2,11,5,2,5,4,1,2,2.2,2.5,43
38,1495,87,3306,26176,8,19,7,5,0,0,0,0,38,0.875,28
53,1395,48,7005,3458,4,15,11,2,4,3,1,2,3.75,2.75,13
48,708,95,2655,11740,3,11,19,3,9,7,7,7,1.22222222222222,6.33333333333333,18
32,1259,95,1393,24852,2,12,1,2,1,0,0,0,12,0.5,34
26,786,76,2570,11925,2,20,7,5,7,7,5,7,2.85714285714286,3.5,40
55,1441,94,3537,23737,6,12,8,1,4,2,1,2,3,1.33333333333333,11
34,1157,57,3986,11912,2,14,15,3,15,10,4,13,0.933333333333333,7.5,32
60,370,92,10883,20467,4,20,19,2,1,0,0,0,20,4.75,6
33,267,79,2028,13637,2,18,14,6,14,11,2,13,1.28571428571429,7,33
37,1278,31,9525,7677,2,14,6,2,6,3,1,3,2.33333333333333,3,29
34,678,35,2929,20338,2,12,10,3,10,9,8,7,1.2,5,32
23,427,99,2275,25103,2,21,3,2,3,2,0,2,7,1.5,43
44,921,96,7879,14810,2,19,9,2,8,7,6,7,2.375,4.5,22
35,146,79,4930,13970,1,14,6,2,5,4,1,4,2.8,6,31
43,1179,73,7847,6069,2,17,10,3,10,9,8,8,1.7,5,23
24,581,62,4401,17616,2,16,5,1,5,3,0,4,3.2,2.5,42
41,918,35,9241,15869,2,12,10,3,10,8,8,7,1.2,5,25
29,1082,43,2974,25412,10,17,9,2,5,3,1,2,3.4,0.9,37
36,530,51,4502,7439,4,15,17,2,13,7,6,7,1.15384615384615,4.25,30
45,1238,74,10748,3395,4,23,25,3,23,15,14,4,1,6.25,21
24,240,58,1555,11585,2,11,1,2,1,0,0,0,11,0.5,42
47,1093,82,12936,24164,8,11,25,3,23,5,14,10,0.478260869565217,3.125,19
26,390,62,2305,6217,2,15,3,3,3,2,0,2,5,1.5,40
45,1005,48,16704,17119,2,11,21,2,21,6,8,6,0.523809523809524,10.5,21
32,585,56,3433,17360,7,13,10,3,5,2,1,3,2.6,1.42857142857143,34
31,741,69,3477,18103,2,14,6,2,5,2,0,3,2.8,3,35
41,552,60,6430,20794,7,19,10,4,3,2,1,2,6.33333333333333,1.42857142857143,25
40,369,92,6516,5041,3,16,18,3,1,0,0,0,16,6,26
24,506,91,3907,3622,2,13,6,2,6,2,1,2,2.16666666666667,3,42
46,717,34,5562,9697,7,14,19,3,10,7,0,9,1.4,2.71428571428571,20
35,1370,49,6883,5151,3,16,17,3,7,7,0,7,2.28571428571429,5.66666666666667,31
30,793,33,2862,3811,2,12,10,2,10,0,0,8,1.2,5,36
47,543,87,4978,3536,8,11,4,3,1,0,0,0,11,0.5,19
46,1277,74,10368,5596,5,12,13,5,10,6,0,3,1.2,2.6,20
36,1456,96,6134,8658,6,13,16,3,2,2,2,2,6.5,2.66666666666667,30
32,964,34,6735,12147,7,15,10,2,0,0,0,0,30,1.42857142857143,34
23,160,51,3295,12862,2,13,3,3,3,2,1,2,4.33333333333333,1.5,43
31,163,30,5238,6670,3,20,9,3,5,4,1,4,4,3,35
39,792,77,6472,8989,2,15,9,2,9,8,5,8,1.66666666666667,4.5,27
32,371,80,9610,3840,4,13,10,2,4,3,0,2,3.25,2.5,34
40,611,88,19833,4349,2,14,21,3,21,8,12,8,0.666666666666667,10.5,26
45,176,56,9756,6595,5,21,9,2,5,0,0,3,4.2,1.8,21
30,1312,78,4968,26427,1,16,10,2,9,7,0,7,1.77777777777778,10,36
24,897,59,2145,2097,1,14,3,2,2,2,2,1,7,3,42
30,600,66,2180,9732,7,11,6,0,4,2,1,2,2.75,0.857142857142857,36
31,1003,51,8346,20943,2,19,6,3,5,2,0,2,3.8,3,35
27,1054,67,3445,6152,2,11,6,5,6,2,1,4,1.83333333333333,3,39
29,428,52,2760,14630,2,13,2,3,2,2,2,2,6.5,1,37
29,461,70,6294,23060,9,12,10,5,3,2,0,2,4,1.11111111111111,37
30,979,94,7140,3088,3,11,12,2,7,7,1,7,1.57142857142857,4,36
34,181,97,2932,5586,1,14,6,3,5,0,1,2,2.8,6,32
33,1283,62,5147,10697,9,15,13,2,11,7,1,7,1.36363636363636,1.44444444444444,33
49,1313,80,4507,8191,4,12,8,1,5,1,0,4,2.4,2,17
33,211,74,8564,10092,3,20,11,2,0,0,0,0,40,3.66666666666667,33
38,594,75,2468,15963,5,14,9,4,6,1,0,5,2.33333333333333,1.8,28
31,1079,70,8161,19002,3,13,10,2,1,0,0,0,13,3.33333333333333,35
29,590,91,2109,10007,2,13,1,2,1,0,0,0,13,0.5,37
30,305,58,5294,9128,4,16,10,3,7,0,1,7,2.28571428571429,2.5,36
32,953,65,2718,17674,3,14,12,3,7,7,0,7,2,4,34
38,833,60,5811,24539,4,16,15,2,1,0,1,0,16,3.75,28
43,807,38,2437,15587,10,16,6,4,1,0,0,0,16,0.6,23
42,855,57,2766,8952,9,22,7,6,5,3,0,4,4.4,0.777777777777778,24
55,478,60,19038,19805,9,12,34,2,1,0,0,0,12,3.77777777777778,11
33,775,90,3055,6194,6,15,11,2,9,8,1,7,1.66666666666667,1.83333333333333,33
41,548,94,2289,20520,2,20,5,2,5,3,0,4,4,2.5,25
34,1375,87,4001,12313,2,14,15,3,15,14,0,7,0.933333333333333,7.5,32
53,661,60,12965,22308,5,20,27,2,3,2,0,2,6.66666666666667,5.4,13
43,244,97,3539,5033,1,13,10,5,9,7,1,8,1.44444444444444,10,23
34,511,32,6029,25353,6,12,6,3,2,2,2,2,6,1,32
21,337,31,2679,4567,2,13,1,3,1,0,1,0,13,0.5,45
38,1153,40,3702,16376,2,11,5,3,5,4,0,4,2.2,2.5,28
22,1294,79,2398,15999,2,17,1,6,1,0,0,0,17,0.5,44
31,196,91,5468,13402,2,14,13,3,12,7,5,7,1.16666666666667,6.5,35
51,942,53,13116,22984,3,11,15,2,2,2,2,2,5.5,5,15
37,589,46,4189,8800,2,14,5,2,5,2,0,3,2.8,2.5,29
46,734,46,19328,14218,8,17,24,3,2,1,2,2,8.5,3,20
36,1383,90,8321,25949,8,13,15,1,12,8,5,7,1.08333333333333,1.875,30
44,429,99,2342,11092,2,12,6,2,5,3,2,3,2.4,3,22
37,1239,89,4071,12832,3,13,19,4,10,0,4,7,1.3,6.33333333333333,29
35,303,84,5813,13492,2,18,10,2,10,7,7,7,1.8,5,31
33,867,90,3143,6076,7,19,14,1,10,8,7,6,1.9,2,33
28,1181,82,2044,5531,2,11,5,6,5,3,0,3,2.2,2.5,38
39,1253,65,13464,7914,8,21,9,3,4,3,2,2,5.25,1.125,27
46,849,98,7991,25166,9,15,6,3,2,2,2,2,7.5,0.666666666666667,20
40,616,99,3377,25605,5,17,7,5,4,3,0,2,4.25,1.4,26
42,1128,95,5538,5696,6,18,10,2,0,0,0,0,36,1.66666666666667,24
35,1180,90,5762,24442,3,14,15,6,7,7,1,7,2,5,31
38,1336,100,2592,7129,6,13,13,3,11,10,3,8,1.18181818181818,2.16666666666667,28
34,234,93,5346,6208,5,17,11,3,7,1,0,7,2.42857142857143,2.2,32
37,370,58,4213,4992,2,15,10,4,10,3,0,8,1.5,5,29
39,766,83,4127,19188,3,18,7,6,2,1,2,2,9,2.33333333333333,27
43,343,52,2438,24978,5,13,7,2,3,2,1,2,4.33333333333333,1.4,23
41,447,85,6870,15530,4,12,11,3,3,2,1,2,4,2.75,25
41,796,81,10447,26458,1,13,23,3,22,14,13,5,0.590909090909091,23,25
30,1092,64,9667,2739,10,14,9,3,7,7,0,2,2,0.9,36
26,920,69,2148,6889,1,11,6,3,5,1,1,4,2.2,6,40
46,261,66,8926,10842,5,22,13,2,9,7,3,7,2.44444444444444,2.6,20
40,1194,52,6513,9060,5,17,12,3,5,3,0,3,3.4,2.4,26
34,810,92,6799,22128,2,21,10,5,10,8,4,8,2.1,5,32
58,350,52,16291,22577,5,22,37,0,16,9,14,14,1.375,7.4,8
35,185,91,2705,9696,1,16,6,2,5,4,0,3,3.2,6,31
47,1001,92,10333,19271,9,12,28,4,22,11,14,10,0.545454545454545,3.11111111111111,19
40,750,47,4448,10748,3,12,15,3,7,4,7,7,1.71428571428571,5,26
54,431,68,6854,15696,5,15,14,2,7,1,1,7,2.14285714285714,2.8,12
31,1125,68,9637,8277,3,14,9,3,3,2,2,2,4.66666666666667,3,35
28,1217,67,3591,12719,2,25,3,3,3,2,1,2,8.33333333333333,1.5,38
38,723,77,5405,4244,3,20,20,4,4,2,0,3,5,6.66666666666667,28
26,572,46,4684,9125,2,13,5,4,5,3,1,2,2.6,2.5,40
58,1216,87,15787,21624,3,14,23,3,2,2,2,2,7,7.66666666666667,8
18,1431,33,1514,8018,2,16,0,4,0,0,0,0,32,0.25,48
31,359,89,2956,21495,1,17,2,4,1,0,0,0,17,2,35
29,350,56,2335,3157,5,15,4,3,2,2,2,0,7.5,0.8,37
45,589,67,5154,19665,5,22,10,3,8,7,5,7,2.75,2,21
36,430,73,6962,19573,5,22,15,2,1,0,0,0,22,3,30
43,1422,92,5675,19246,2,20,7,5,7,7,7,7,2.85714285714286,3.5,23
27,1297,53,2379,19826,1,14,6,3,5,4,0,2,2.8,6,39
29,574,40,3812,7003,2,13,11,3,11,8,3,10,1.18181818181818,5.5,37
32,1318,79,4648,26075,9,13,4,2,0,0,0,0,26,0.444444444444444,34
42,355,38,2936,6161,4,22,10,1,6,3,3,3,3.66666666666667,2.5,24
47,207,64,2105,5411,5,12,7,2,2,2,2,0,6,1.4,19
46,706,82,8578,19989,4,14,12,4,9,8,4,7,1.55555555555556,3,20
28,280,43,2706,10494,2,15,3,2,3,2,2,2,5,1.5,38
29,726,93,6384,21143,9,17,11,3,7,0,1,6,2.42857142857143,1.22222222222222,37
42,1142,81,3968,13624,5,13,8,3,0,0,0,0,26,1.6,24
32,414,82,9907,26186,8,12,7,3,2,2,2,2,6,0.875,34
46,1319,45,13225,7739,3,12,25,5,19,17,2,8,0.631578947368421,8.33333333333333,20
27,728,36,3540,7018,2,21,9,5,9,8,5,8,2.33333333333333,4.5,39
29,352,87,2804,15434,2,11,1,3,1,0,0,0,11,0.5,37
43,823,81,19392,22539,8,13,21,2,16,12,6,14,0.8125,2.625,23
48,1224,91,19665,13583,5,12,29,3,22,10,12,9,0.545454545454545,5.8,18
29,459,73,2439,14753,2,24,1,3,1,0,1,0,24,0.5,37
46,1254,64,7314,14011,6,21,14,2,8,7,0,7,2.625,2.33333333333333,20
27,1131,77,4774,23844,1,19,8,2,7,6,7,3,2.71428571428571,8,39
39,835,41,3902,5141,9,14,7,2,2,2,2,2,7,0.777777777777778,27
55,836,98,2662,7975,9,20,19,2,5,2,0,4,4,2.11111111111111,11
28,1172,78,2856,3692,2,19,1,3,1,0,0,0,19,0.5,38
30,945,89,1081,16019,2,13,1,3,1,0,0,0,13,0.5,36
22,391,75,2472,26092,2,23,1,2,1,0,0,0,23,0.5,44
36,1266,63,5673,6060,2,13,10,4,10,9,1,7,1.3,5,30
31,311,89,4197,18624,2,11,10,2,10,8,0,2,1.1,5,35
34,1480,64,9713,24444,3,13,9,3,5,3,1,0,2.6,3,32
29,592,59,2062,19384,4,14,11,2,3,2,1,2,4.66666666666667,2.75,37
37,783,78,4284,13588,6,22,16,2,5,3,0,4,4.4,2.66666666666667,29
35,219,44,4788,25388,1,11,4,2,3,2,0,2,3.66666666666667,4,31
45,556,93,5906,23888,1,13,10,2,9,8,3,8,1.44444444444444,10,21
36,1213,94,3886,4223,2,21,10,2,10,1,0,8,2.1,5,30
40,1137,98,16823,18991,3,11,22,3,19,7,11,16,0.578947368421053,7.33333333333333,26
26,482,90,2933,14908,2,13,1,3,1,0,1,0,13,0.5,40
27,511,89,6500,26997,1,14,9,5,8,7,0,7,1.75,9,39
48,117,58,17174,2437,4,11,24,3,22,17,4,7,0.5,6,18
44,170,78,5033,9364,3,15,10,5,2,0,2,2,7.5,3.33333333333333,22
34,967,85,2307,14460,2,23,5,2,5,2,3,0,4.6,2.5,32
56,1162,97,2587,10261,2,16,5,3,4,2,1,0,4,2.5,10
36,335,33,5507,16822,3,16,12,1,4,2,1,3,4,4,30
41,337,54,4393,26841,6,21,14,3,5,4,1,4,4.2,2.33333333333333,25
42,1396,83,13348,14842,10,13,18,3,13,7,5,7,1,1.8,24
31,1079,86,6583,20115,3,11,8,2,5,2,1,4,2.2,2.66666666666667,35
34,735,75,8103,16495,4,12,9,3,4,2,0,1,3,2.25,32
31,471,62,3978,16031,9,12,4,0,2,2,2,2,6,0.444444444444444,35
26,1096,61,2544,7102,1,18,8,3,7,7,7,7,2.57142857142857,8,40
45,1297,44,5399,14511,5,12,12,3,4,2,0,3,3,2.4,21
33,217,43,5487,10410,2,14,10,2,10,4,0,9,1.4,5,33
28,783,42,6834,19255,2,12,7,2,7,7,0,7,1.71428571428571,3.5,38
29,746,45,1091,10642,2,17,1,3,1,0,0,0,17,0.5,37
39,1251,32,5736,3987,7,19,10,1,3,2,1,2,6.33333333333333,1.42857142857143,27
27,1354,41,2226,6073,2,11,6,3,5,3,1,2,2.2,3,39
34,735,86,5747,26496,2,15,16,3,15,10,6,11,1,8,32
28,1475,84,9854,23352,4,11,6,0,2,0,2,2,5.5,1.5,38
47,1169,64,5467,2125,9,18,16,4,8,7,1,7,2.25,1.77777777777778,19
56,1443,89,5380,20328,5,16,6,3,0,0,0,0,32,1.2,10
39,867,87,5151,12315,2,25,10,3,10,0,7,9,2.5,5,27
38,1394,58,2133,18115,2,16,20,3,20,11,0,7,0.8,10,28
58,605,72,17875,11761,5,13,29,2,1,0,0,0,13,5.8,8
32,238,47,2432,15318,4,14,8,2,4,1,0,3,3.5,2,34
38,1206,71,4771,14293,3,19,10,0,5,2,0,3,3.8,3.33333333333333,28
49,1064,42,19161,13738,4,15,28,3,5,4,4,3,3,7,17
42,419,77,5087,2900,4,12,14,4,0,0,0,0,24,3.5,24
27,1337,58,2863,19555,2,12,1,2,1,0,0,0,12,0.5,39
35,682,71,5561,15975,1,16,6,2,5,3,0,4,3.2,6,31
28,1103,49,2144,2122,2,14,5,3,5,3,1,4,2.8,2.5,38
31,976,48,3065,3995,2,13,4,3,4,2,2,3,3.25,2,35
36,1351,66,2810,9238,2,22,5,3,5,4,0,2,4.4,2.5,30
34,937,32,9888,6770,2,21,14,3,14,8,2,1,1.5,7,32
34,1239,39,8628,22914,2,18,9,2,8,7,1,1,2.25,4.5,32
26,157,95,2867,20006,1,13,8,6,7,7,7,6,1.85714285714286,8,40
29,136,89,5373,6225,1,12,6,5,5,3,0,2,2.4,6,37
32,1146,34,6667,16542,6,18,9,6,5,1,1,2,3.6,1.5,34
31,1125,48,5003,5771,2,21,10,6,10,8,8,7,2.1,5,35
28,1404,32,2367,18779,6,12,6,2,4,1,0,3,3,1,38
38,1404,59,2858,11473,5,14,20,3,1,0,0,0,14,4,28
35,1224,55,5204,13586,2,11,10,2,10,8,0,9,1.1,5,31
27,954,44,4105,5099,2,14,7,5,7,7,0,7,2,3.5,39
32,1373,56,9679,10138,9,24,8,1,1,0,0,0,24,0.888888888888889,34
31,754,63,5617,21075,2,11,10,4,10,7,0,8,1.1,5,35
53,1168,66,10448,5843,7,13,15,2,2,2,2,2,6.5,2.14285714285714,13
54,155,67,2897,22474,4,11,9,6,4,3,2,3,2.75,2.25,12
33,1303,36,5968,18079,2,20,9,2,9,7,2,8,2.22222222222222,4.5,33
43,574,30,7510,16873,2,17,10,1,10,9,0,9,1.7,5,23
38,1444,88,2991,5224,1,11,7,2,6,2,1,2,1.83333333333333,7,28
55,189,71,19636,25811,5,18,35,0,10,9,1,4,1.8,7,11
31,1276,59,1129,17536,2,11,1,4,1,0,0,0,11,0.5,35
39,119,77,13341,25098,1,12,21,3,20,8,11,10,0.6,21,27
42,335,37,4332,14811,2,12,20,2,20,9,3,7,0.6,10,24
31,697,40,11031,26862,5,20,13,2,11,7,4,8,1.81818181818182,2.6,35
54,157,77,4440,25198,7,19,9,3,5,2,1,4,3.8,1.28571428571429,12
24,771,45,4617,14120,2,12,4,2,4,3,1,2,3,2,42
23,571,78,2647,13672,2,13,5,6,5,2,1,4,2.6,2.5,43
40,692,73,6323,26849,2,11,10,2,10,9,9,4,1.1,5,26
40,444,92,5677,4258,4,14,15,4,11,8,5,10,1.27272727272727,3.75,26
25,309,82,2187,19655,5,14,6,3,2,0,1,2,7,1.2,41
30,911,76,3748,4077,2,13,12,6,12,8,1,7,1.08333333333333,6,36
25,977,57,3977,7298,7,19,7,2,2,2,0,2,9.5,1,41
47,1180,84,8633,13084,3,23,25,3,17,14,12,11,1.35294117647059,8.33333333333333,19
33,1313,59,2008,20439,2,12,1,2,1,1,0,0,12,0.5,33
38,1321,86,4440,7636,1,15,16,3,15,13,5,8,1,16,28
31,1154,54,3067,6393,1,19,3,1,2,2,1,2,9.5,3,35
38,508,72,5321,14284,3,11,10,1,8,3,7,7,1.375,3.33333333333333,28
42,557,35,5410,11189,7,17,9,3,4,3,1,2,4.25,1.28571428571429,24
41,642,76,2782,21412,4,22,12,3,5,3,1,0,4.4,3,25
47,1162,98,11957,17231,1,18,14,3,13,8,5,12,1.38461538461538,14,19
35,1490,43,2660,20232,8,11,5,3,2,2,2,2,5.5,0.625,31
22,581,63,3375,17624,1,12,4,2,3,2,1,2,4,4,44
35,1395,48,5098,18698,2,19,10,5,10,7,0,8,1.9,5,31
33,501,95,4878,21653,1,13,10,6,9,7,8,1,1.44444444444444,10,33
32,267,49,2837,15919,2,13,6,3,6,2,4,1,2.16666666666667,3,34
40,543,83,2406,4060,9,19,8,3,1,0,0,0,19,0.888888888888889,26
32,234,68,2269,18024,1,14,3,2,2,2,2,2,7,3,34
39,116,52,4108,5340,8,13,18,2,7,7,1,7,1.85714285714286,2.25,27
38,201,99,13206,3376,4,12,20,3,18,16,1,11,0.666666666666667,5,28
32,801,48,10422,24032,2,19,14,3,14,10,5,7,1.35714285714286,7,34
37,161,42,13744,15471,2,25,16,2,16,11,6,8,1.5625,8,29
25,1382,85,4907,13684,1,22,6,3,5,3,0,4,4.4,6,41
52,585,40,3482,19788,3,15,16,3,9,8,0,0,1.66666666666667,5.33333333333333,14
44,1037,42,2436,13422,7,12,6,2,4,3,1,2,3,0.857142857142857,22
21,501,58,2380,25479,2,11,2,6,2,2,1,2,5.5,1,45
39,105,87,19431,15302,3,13,21,3,6,0,1,3,2.16666666666667,7,27
23,638,33,1790,26956,2,19,1,3,1,0,1,0,19,0.5,43
36,557,94,7644,12695,1,19,10,2,9,7,3,4,2.11111111111111,10,30
36,688,97,5131,9192,8,13,18,3,4,2,0,2,3.25,2.25,30
56,667,57,6306,26236,2,21,13,2,13,12,1,9,1.61538461538462,6.5,10
29,1092,36,4787,26124,10,14,4,3,2,2,2,2,7,0.4,37
42,300,56,18880,17312,6,11,24,2,22,6,4,14,0.5,4,24
56,310,72,2339,3666,9,11,14,4,10,9,9,8,1.1,1.55555555555556,10
41,582,60,13570,5640,1,23,21,3,20,7,0,10,1.15,21,25
34,704,95,6712,8978,2,21,8,2,8,7,1,7,2.625,4,32
36,301,88,5406,10436,2,24,15,4,15,12,11,11,1.6,7.5,30
41,930,57,8938,12227,3,11,14,5,5,4,0,4,2.2,4.66666666666667,25
32,529,78,2439,11288,2,14,4,4,4,2,1,2,3.5,2,34
35,1146,31,8837,16642,2,16,9,2,9,0,1,7,1.77777777777778,4.5,31
38,345,100,5343,5982,2,11,10,1,10,7,1,9,1.1,5,28
50,878,94,6728,14255,8,12,12,3,6,3,0,1,2,1.5,16
36,1120,100,6652,14369,5,13,8,2,6,3,0,0,2.16666666666667,1.6,30
45,374,50,4850,23333,9,15,8,3,5,3,0,1,3,0.888888888888889,21
40,1322,52,2809,2725,3,14,8,2,2,2,2,2,7,2.66666666666667,26
35,1199,80,5689,24594,2,14,10,2,10,2,0,2,1.4,5,31
40,1194,98,2001,12549,3,14,20,2,5,3,0,2,2.8,6.66666666666667,26
35,287,62,2977,8952,2,12,4,5,4,3,1,1,3,2,31
29,1378,46,4025,23679,5,13,10,2,4,3,0,3,3.25,2,37
29,468,73,3785,8489,2,14,5,3,5,4,0,4,2.8,2.5,37
50,410,39,10854,16586,5,13,20,3,3,2,2,0,4.33333333333333,4,16
39,722,60,12031,8828,1,11,21,2,20,9,9,6,0.55,21,27
31,325,74,9936,3787,1,19,10,2,9,4,1,7,2.11111111111111,10,35
26,1167,30,2966,21378,1,18,5,2,4,2,0,0,4.5,5,40
36,884,41,2571,12290,5,17,17,3,5,2,0,3,3.4,3.4,30
39,613,42,9991,21457,5,15,9,5,7,7,1,7,2.14285714285714,1.8,27
27,155,87,6142,5174,2,20,6,0,6,2,0,3,3.33333333333333,3,39
49,1023,63,5390,13243,3,14,17,3,9,6,0,8,1.55555555555556,5.66666666666667,17
34,628,82,4404,10228,3,12,6,3,4,3,1,2,3,2,32
